lauf,position,planned_id,run_id,cell_key,candidate_hash,csv_file,json_file,laravel_directory_in_zip
Lauf01,1,4afc763c-033e-501c-9c9c-453207d31e62,e10cc3d4-0100-4121-8706-3222fbbbac9d,E-AB,3f84b747bd1f85e0ca02784596b28635a58f099d2280c11d6a58a2a96314c85f,Einzellaeufe/Lauf01/run-e10cc3d4-0100-4121-8706-3222fbbbac9d.csv,Einzellaeufe/Lauf01/run-e10cc3d4-0100-4121-8706-3222fbbbac9d.json,Bachelorarbeit-Haupterhebung-Laravel-Code-Sicherung/Lauf01-laravel-e10cc3d4-0100-4121-8706-3222fbbbac9d/laravel
Lauf02,2,1fed9611-d0cc-51e5-86e7-4ba237c836a2,adff56bd-3d96-437d-8ee8-4923e1b0b2b9,C-BF-1,3f7b25cee4fd7476653c5b7444369736cf61ac4199da6648e3573f7618d555da,Einzellaeufe/Lauf02/run-adff56bd-3d96-437d-8ee8-4923e1b0b2b9.csv,Einzellaeufe/Lauf02/run-adff56bd-3d96-437d-8ee8-4923e1b0b2b9.json,Bachelorarbeit-Haupterhebung-Laravel-Code-Sicherung/Lauf02-laravel-adff56bd-3d96-437d-8ee8-4923e1b0b2b9/laravel
Lauf03,3,0e4d4039-5409-5be7-a300-ded85e9c22d7,3a40d400-6b02-40af-bce6-b422ffb302d2,E-P1R0,53e2a903e48de7e2b5713ddbed13958a80d162ea9853e32461ca0c4dd524e630,Einzellaeufe/Lauf03/run-3a40d400-6b02-40af-bce6-b422ffb302d2.csv,Einzellaeufe/Lauf03/run-3a40d400-6b02-40af-bce6-b422ffb302d2.json,Bachelorarbeit-Haupterhebung-Laravel-Code-Sicherung/Lauf03-laravel-3a40d400-6b02-40af-bce6-b422ffb302d2/laravel
Lauf04,4,1c4afc6f-6679-57b7-ab6b-cec3053e85a1,3b91cf74-bb6c-467f-ab64-f517331a4cfe,C-SQL-0,f271356ffd8f5b943bef61c4d70ab406e48733c1d29b2b806edcf1d9e2d1263c,Einzellaeufe/Lauf04/run-3b91cf74-bb6c-467f-ab64-f517331a4cfe.csv,Einzellaeufe/Lauf04/run-3b91cf74-bb6c-467f-ab64-f517331a4cfe.json,Bachelorarbeit-Haupterhebung-Laravel-Code-Sicherung/Lauf04-laravel-3b91cf74-bb6c-467f-ab64-f517331a4cfe/laravel
Lauf05,5,76216ff6-0dab-5f43-913f-741c2deb7596,bc4d0829-3e3e-4e7a-8e68-8053af270847,E-BA,41b0225438818b95d9f194005fa9c3dd9f10fce188f280bdfe6b26e06aa2975e,Einzellaeufe/Lauf05/run-bc4d0829-3e3e-4e7a-8e68-8053af270847.csv,Einzellaeufe/Lauf05/run-bc4d0829-3e3e-4e7a-8e68-8053af270847.json,Bachelorarbeit-Haupterhebung-Laravel-Code-Sicherung/Lauf05-laravel-bc4d0829-3e3e-4e7a-8e68-8053af270847/laravel
Lauf06,6,fe7c5fea-171a-5d3e-b93c-b9d53dca7c67,322b5c28-24cc-4e55-b016-02ba95419407,C-BF-0,f4daa00795d8b8c066ed906a153a4662a3a929fd280a400a6a25b55f1e35f467,Einzellaeufe/Lauf06/run-322b5c28-24cc-4e55-b016-02ba95419407.csv,Einzellaeufe/Lauf06/run-322b5c28-24cc-4e55-b016-02ba95419407.json,Bachelorarbeit-Haupterhebung-Laravel-Code-Sicherung/Lauf06-laravel-322b5c28-24cc-4e55-b016-02ba95419407/laravel
Lauf07,7,784c942d-b222-5013-a2e4-de4aa477a143,fa5f608b-1bc8-4691-9bd8-076d1cec2d1a,E-P0R0,7088d640412b1590c758951e9cb83c9221bee137814f769998338b30d46716f1,Einzellaeufe/Lauf07/run-fa5f608b-1bc8-4691-9bd8-076d1cec2d1a.csv,Einzellaeufe/Lauf07/run-fa5f608b-1bc8-4691-9bd8-076d1cec2d1a.json,Bachelorarbeit-Haupterhebung-Laravel-Code-Sicherung/Lauf07-laravel-fa5f608b-1bc8-4691-9bd8-076d1cec2d1a/laravel
Lauf08,8,2f2d84f4-6f41-5df7-a828-cc0a3d9cdddf,9a086f43-e08c-467a-9796-c410d40cdfda,E-P0R1,7cc8ab71866a51b487247d3ffbda8bb7e4c78a71e4d8c67210ed2dfb4782b9bf,Einzellaeufe/Lauf08/run-9a086f43-e08c-467a-9796-c410d40cdfda.csv,Einzellaeufe/Lauf08/run-9a086f43-e08c-467a-9796-c410d40cdfda.json,Bachelorarbeit-Haupterhebung-Laravel-Code-Sicherung/Lauf08-laravel-9a086f43-e08c-467a-9796-c410d40cdfda/laravel
Lauf09,9,c68f6332-f200-5595-940d-e5bcad78f1fe,7cd402ff-ad21-43c9-af63-6dd50d569082,C-UP-0,ccba2ef5b0e0aacecff5dc4dda7a2f2396b2db7fbe4467b206a640c006dec3b1,Einzellaeufe/Lauf09/run-7cd402ff-ad21-43c9-af63-6dd50d569082.csv,Einzellaeufe/Lauf09/run-7cd402ff-ad21-43c9-af63-6dd50d569082.json,Bachelorarbeit-Haupterhebung-Laravel-Code-Sicherung/Lauf09-laravel-7cd402ff-ad21-43c9-af63-6dd50d569082/laravel
Lauf10,10,54c3aba8-cb42-5023-9591-5cdd68bdd7c5,6852f6bd-ec09-4aa3-98a6-6aa6065e725e,C-UP-1,5e0fbfc05fae86466156411ca5406afbafd0bf52c6a8714a5a061a4369bcd6c8,Einzellaeufe/Lauf10/run-6852f6bd-ec09-4aa3-98a6-6aa6065e725e.csv,Einzellaeufe/Lauf10/run-6852f6bd-ec09-4aa3-98a6-6aa6065e725e.json,Bachelorarbeit-Haupterhebung-Laravel-Code-Sicherung/Lauf10-laravel-6852f6bd-ec09-4aa3-98a6-6aa6065e725e/laravel
Lauf11,11,b9ac296e-4c6c-5cdc-9e03-14868c124af2,1a969ddc-bdb7-406c-b5e7-fcbe76d7ef77,E-BB,24d26c51c32d9d069e0f68dab3c127eac8f1396112f5cbbbbecc9384af7c0a0e,Einzellaeufe/Lauf11/run-1a969ddc-bdb7-406c-b5e7-fcbe76d7ef77.csv,Einzellaeufe/Lauf11/run-1a969ddc-bdb7-406c-b5e7-fcbe76d7ef77.json,Bachelorarbeit-Haupterhebung-Laravel-Code-Sicherung/Lauf11-laravel-1a969ddc-bdb7-406c-b5e7-fcbe76d7ef77/laravel
Lauf12,12,022ddff9-4332-5ba5-b884-42537f220a0c,a2d1e4bd-ae41-4f2b-8b92-9416f7ffb783,C-SQL-1,d209b611d531fdc1b61ed8a2e01309ae3145d8b93453a46e7586c90514390c53,Einzellaeufe/Lauf12/run-a2d1e4bd-ae41-4f2b-8b92-9416f7ffb783.csv,Einzellaeufe/Lauf12/run-a2d1e4bd-ae41-4f2b-8b92-9416f7ffb783.json,Bachelorarbeit-Haupterhebung-Laravel-Code-Sicherung/Lauf12-laravel-a2d1e4bd-ae41-4f2b-8b92-9416f7ffb783/laravel
Lauf13,13,0d262496-18e1-5973-84a6-84fbda64d0ff,c490b29c-6106-45b1-b975-fd9cb9950d81,C-BF-1,5f359546bb2d8d2beef7b168cb3aa5fee35ca1bfb4149ef3a7f66b8fa5876661,Einzellaeufe/Lauf13/run-c490b29c-6106-45b1-b975-fd9cb9950d81.csv,Einzellaeufe/Lauf13/run-c490b29c-6106-45b1-b975-fd9cb9950d81.json,Bachelorarbeit-Haupterhebung-Laravel-Code-Sicherung/Lauf13-laravel-c490b29c-6106-45b1-b975-fd9cb9950d81/laravel
Lauf14,14,447860c8-1d56-518b-88ad-7e103990b756,cfeaa0aa-6dd8-4858-8882-fd4719f86af4,C-UP-1,e9cf9cb8af782dba885623dfbfd60980d42e42259e9654ecae36f604b6513896,Einzellaeufe/Lauf14/run-cfeaa0aa-6dd8-4858-8882-fd4719f86af4.csv,Einzellaeufe/Lauf14/run-cfeaa0aa-6dd8-4858-8882-fd4719f86af4.json,Bachelorarbeit-Haupterhebung-Laravel-Code-Sicherung/Lauf14-laravel-cfeaa0aa-6dd8-4858-8882-fd4719f86af4/laravel
Lauf15,15,616ecfda-7163-5a8d-ba60-01f623d8b124,6c45fdb5-7960-4501-8cf4-04e09f4bcb87,C-SQL-1,12a588a973e24157d490acab23e57ec685cde24dfc7dc6390638cd1317a9a8cc,Einzellaeufe/Lauf15/run-6c45fdb5-7960-4501-8cf4-04e09f4bcb87.csv,Einzellaeufe/Lauf15/run-6c45fdb5-7960-4501-8cf4-04e09f4bcb87.json,Bachelorarbeit-Haupterhebung-Laravel-Code-Sicherung/Lauf15-laravel-6c45fdb5-7960-4501-8cf4-04e09f4bcb87/laravel
Lauf16,16,656bacfc-b102-5379-8db2-2f9f127621e0,91d2cc0f-ca64-4f35-a998-b56d0438b753,C-UP-0,ab3de02cd2dcb666e4e84e0e76df1f61b62c2df3fb548bf556f8f158f2bf18c7,Einzellaeufe/Lauf16/run-91d2cc0f-ca64-4f35-a998-b56d0438b753.csv,Einzellaeufe/Lauf16/run-91d2cc0f-ca64-4f35-a998-b56d0438b753.json,Bachelorarbeit-Haupterhebung-Laravel-Code-Sicherung/Lauf16-laravel-91d2cc0f-ca64-4f35-a998-b56d0438b753/laravel
Lauf17,17,88f2e658-6155-5924-bc85-63fe2aabb08a,9a92774e-b5f2-4bd4-9f9b-0a480a4316de,C-BF-0,d34b62b0247cfed84c639c1428d6133b9ccb95cbad7b52132414c2c4b1df51d2,Einzellaeufe/Lauf17/run-9a92774e-b5f2-4bd4-9f9b-0a480a4316de.csv,Einzellaeufe/Lauf17/run-9a92774e-b5f2-4bd4-9f9b-0a480a4316de.json,Bachelorarbeit-Haupterhebung-Laravel-Code-Sicherung/Lauf17-laravel-9a92774e-b5f2-4bd4-9f9b-0a480a4316de/laravel
Lauf18,18,9f032fb3-90ca-5749-aff5-1065077ac10e,d0716952-aac2-418b-b525-c9bff75b683c,C-SQL-0,70a33e71cf64cb1bd0f149592270b9746071b252454a55bbfc3f9b46d3e0421c,Einzellaeufe/Lauf18/run-d0716952-aac2-418b-b525-c9bff75b683c.csv,Einzellaeufe/Lauf18/run-d0716952-aac2-418b-b525-c9bff75b683c.json,Bachelorarbeit-Haupterhebung-Laravel-Code-Sicherung/Lauf18-laravel-d0716952-aac2-418b-b525-c9bff75b683c/laravel
Lauf19,19,4d2e4005-a84b-525b-a492-d367c5e405d0,d021c34b-07cb-4fcc-815b-168486587584,E-P1R0,62a469b9b8e0e28ce8d744f8537004f7b978bf2156fdf548664726eed2ae1343,Einzellaeufe/Lauf19/run-d021c34b-07cb-4fcc-815b-168486587584.csv,Einzellaeufe/Lauf19/run-d021c34b-07cb-4fcc-815b-168486587584.json,Bachelorarbeit-Haupterhebung-Laravel-Code-Sicherung/Lauf19-laravel-d021c34b-07cb-4fcc-815b-168486587584/laravel
Lauf20,20,12b20e20-e117-5c00-83bc-e589b92b730e,5170b1cc-8fc1-4873-9454-26daec9157db,E-P0R0,b95c5ae5c06c3b41a61878e005cec91f332ca88d67a8ea64b1ab14aea3f9bf43,Einzellaeufe/Lauf20/run-5170b1cc-8fc1-4873-9454-26daec9157db.csv,Einzellaeufe/Lauf20/run-5170b1cc-8fc1-4873-9454-26daec9157db.json,Bachelorarbeit-Haupterhebung-Laravel-Code-Sicherung/Lauf20-laravel-5170b1cc-8fc1-4873-9454-26daec9157db/laravel
Lauf21,21,e97a5398-37b9-5e89-91a9-9b3ae48d9534,153aa1fb-14af-4083-8e7d-bbf3a354f6c8,E-BB,30c1abb1b39a58430186f9d9c81a325dfe23c5d98a16b28399bbf49d47ccf324,Einzellaeufe/Lauf21/run-153aa1fb-14af-4083-8e7d-bbf3a354f6c8.csv,Einzellaeufe/Lauf21/run-153aa1fb-14af-4083-8e7d-bbf3a354f6c8.json,Bachelorarbeit-Haupterhebung-Laravel-Code-Sicherung/Lauf21-laravel-153aa1fb-14af-4083-8e7d-bbf3a354f6c8/laravel
Lauf22,22,7a8f92c5-5f85-593a-bf90-08e13c60a2e6,4f854e4e-2f65-40b5-aee3-945c93c516df,E-P0R1,21ae5c3492ae2e2728ae4ac44bb70bc49228dd01286f72e2fe1633425edaffd6,Einzellaeufe/Lauf22/run-4f854e4e-2f65-40b5-aee3-945c93c516df.csv,Einzellaeufe/Lauf22/run-4f854e4e-2f65-40b5-aee3-945c93c516df.json,Bachelorarbeit-Haupterhebung-Laravel-Code-Sicherung/Lauf22-laravel-4f854e4e-2f65-40b5-aee3-945c93c516df/laravel
Lauf23,23,aa66f5e3-ac0e-57d6-9b69-aa54ea7c4fb9,45b5c191-572f-41e1-9a62-6da4ab5295c7,E-AB,689ba53542ae9dfc85b71c6f87b5b35519c0726d569ce67be8c8eadd4eb15b3b,Einzellaeufe/Lauf23/run-45b5c191-572f-41e1-9a62-6da4ab5295c7.csv,Einzellaeufe/Lauf23/run-45b5c191-572f-41e1-9a62-6da4ab5295c7.json,Bachelorarbeit-Haupterhebung-Laravel-Code-Sicherung/Lauf23-laravel-45b5c191-572f-41e1-9a62-6da4ab5295c7/laravel
Lauf24,24,d07b7490-853e-562b-b662-305e89e7718d,9f907633-e873-4994-a488-fbac89398069,E-BA,c2ae86ee09cf1df8b2844bc92fba16af9688fb72d9e444914a158477a66877b8,Einzellaeufe/Lauf24/run-9f907633-e873-4994-a488-fbac89398069.csv,Einzellaeufe/Lauf24/run-9f907633-e873-4994-a488-fbac89398069.json,Bachelorarbeit-Haupterhebung-Laravel-Code-Sicherung/Lauf24-laravel-9f907633-e873-4994-a488-fbac89398069/laravel
Lauf25,25,596c0800-372d-5056-8a35-9f8661656bf4,11197ac3-74e7-49be-b708-accc9dbbf5d0,C-BF-1,2f39dc921e759f25a00ada18fb11a07038e6d909b1e250ac0cd5b547b90f39e0,Einzellaeufe/Lauf25/run-11197ac3-74e7-49be-b708-accc9dbbf5d0.csv,Einzellaeufe/Lauf25/run-11197ac3-74e7-49be-b708-accc9dbbf5d0.json,Bachelorarbeit-Haupterhebung-Laravel-Code-Sicherung/Lauf25-laravel-11197ac3-74e7-49be-b708-accc9dbbf5d0/laravel
Lauf26,26,d08816e6-d4d6-5f35-9de3-d86528fa7a96,351f4724-cd79-44e9-8ffd-b30433add7ec,E-P1R0,9c27f3d78fc59621cb82e18c166959e261aed1d7fbe46d64799a3887ce2865ff,Einzellaeufe/Lauf26/run-351f4724-cd79-44e9-8ffd-b30433add7ec.csv,Einzellaeufe/Lauf26/run-351f4724-cd79-44e9-8ffd-b30433add7ec.json,Bachelorarbeit-Haupterhebung-Laravel-Code-Sicherung/Lauf26-laravel-351f4724-cd79-44e9-8ffd-b30433add7ec/laravel
Lauf27,27,2e126757-f17e-5ee2-93db-94d31ed944b2,0632a29b-5323-438e-b5d0-c2937d420d5d,E-AB,30ec3a4367a06009151d9059514c4757403bfd6edf6efc78c899b6a5e7e6e751,Einzellaeufe/Lauf27/run-0632a29b-5323-438e-b5d0-c2937d420d5d.csv,Einzellaeufe/Lauf27/run-0632a29b-5323-438e-b5d0-c2937d420d5d.json,Bachelorarbeit-Haupterhebung-Laravel-Code-Sicherung/Lauf27-laravel-0632a29b-5323-438e-b5d0-c2937d420d5d/laravel
Lauf28,28,5e1af4e2-330f-563f-b639-2d3cd8d276c8,83921993-d57b-4192-9eac-70f2b859971e,C-SQL-0,12be8f9c519e2ba6a01e3c8eeac872eaf9912c54286cc3624b027d50b2de078a,Einzellaeufe/Lauf28/run-83921993-d57b-4192-9eac-70f2b859971e.csv,Einzellaeufe/Lauf28/run-83921993-d57b-4192-9eac-70f2b859971e.json,Bachelorarbeit-Haupterhebung-Laravel-Code-Sicherung/Lauf28-laravel-83921993-d57b-4192-9eac-70f2b859971e/laravel
Lauf29,29,49cd1889-2a56-5913-8723-929335f68874,a3c586a7-dba2-4647-8473-c9ec4cdaf1e5,E-P0R0,316abc7801e345a7bed7064176878bd4a1961ca560b3a2cd3b43313c78f9bd45,Einzellaeufe/Lauf29/run-a3c586a7-dba2-4647-8473-c9ec4cdaf1e5.csv,Einzellaeufe/Lauf29/run-a3c586a7-dba2-4647-8473-c9ec4cdaf1e5.json,Bachelorarbeit-Haupterhebung-Laravel-Code-Sicherung/Lauf29-laravel-a3c586a7-dba2-4647-8473-c9ec4cdaf1e5/laravel
Lauf30,30,82b898ba-3b6d-567f-8996-4f259b74547e,c0d5b7eb-7f69-4787-8e55-d41af4ffdcab,C-UP-1,aafe24517e0c42aa10d7d213c640f9c2eafe82ec719a9d17b9b7df300a79e751,Einzellaeufe/Lauf30/run-c0d5b7eb-7f69-4787-8e55-d41af4ffdcab.csv,Einzellaeufe/Lauf30/run-c0d5b7eb-7f69-4787-8e55-d41af4ffdcab.json,Bachelorarbeit-Haupterhebung-Laravel-Code-Sicherung/Lauf30-laravel-c0d5b7eb-7f69-4787-8e55-d41af4ffdcab/laravel
Lauf31,31,d38eb7d2-e78b-5c2f-93e4-2e34846e80e6,a7c714ed-7f98-4b74-b481-8fc9add30268,E-P0R1,16df8fd5c75e6555e176c2af2952b61e14007c9e5197ba7a07bde1664a3af864,Einzellaeufe/Lauf31/run-a7c714ed-7f98-4b74-b481-8fc9add30268.csv,Einzellaeufe/Lauf31/run-a7c714ed-7f98-4b74-b481-8fc9add30268.json,Bachelorarbeit-Haupterhebung-Laravel-Code-Sicherung/Lauf31-laravel-a7c714ed-7f98-4b74-b481-8fc9add30268/laravel
Lauf32,32,33effc64-dcfe-5ced-badf-c4df49f68dc1,746f1cf0-3302-4166-8bee-925cadccb62c,C-UP-0,3364aaff15489d73e0f438972fb88f9fcc3ecc893f96ede62a2565a1fe2e5f5d,Einzellaeufe/Lauf32/run-746f1cf0-3302-4166-8bee-925cadccb62c.csv,Einzellaeufe/Lauf32/run-746f1cf0-3302-4166-8bee-925cadccb62c.json,Bachelorarbeit-Haupterhebung-Laravel-Code-Sicherung/Lauf32-laravel-746f1cf0-3302-4166-8bee-925cadccb62c/laravel
Lauf33,33,a3a03b99-34c0-504b-b529-32b798db318a,edc938ec-9bf1-48cf-8cef-6f6a5b20ad29,E-BA,5f187b71962c8fc43f0c431196239ba2c422245270ebb8b46072e8c1312dd8ca,Einzellaeufe/Lauf33/run-edc938ec-9bf1-48cf-8cef-6f6a5b20ad29.csv,Einzellaeufe/Lauf33/run-edc938ec-9bf1-48cf-8cef-6f6a5b20ad29.json,Bachelorarbeit-Haupterhebung-Laravel-Code-Sicherung/Lauf33-laravel-edc938ec-9bf1-48cf-8cef-6f6a5b20ad29/laravel
Lauf34,34,8b3ec7b0-123f-5597-95f7-1fafc5810d01,0cc540ca-a9db-4a2a-982e-99e203d674e1,C-SQL-1,5b543ea7abc08ec54717d24b23b424f4c9147a8e7c70489cdbcf04fdfbfdd696,Einzellaeufe/Lauf34/run-0cc540ca-a9db-4a2a-982e-99e203d674e1.csv,Einzellaeufe/Lauf34/run-0cc540ca-a9db-4a2a-982e-99e203d674e1.json,Bachelorarbeit-Haupterhebung-Laravel-Code-Sicherung/Lauf34-laravel-0cc540ca-a9db-4a2a-982e-99e203d674e1/laravel
Lauf35,35,035c5442-19b8-5a84-8a59-b352a9660279,ce40a18c-aa8e-40fc-9d13-83adabe5993f,E-BB,6911cdc858aa79c2c07111aa648bb7962d234961be7ce229045171034d4c13b9,Einzellaeufe/Lauf35/run-ce40a18c-aa8e-40fc-9d13-83adabe5993f.csv,Einzellaeufe/Lauf35/run-ce40a18c-aa8e-40fc-9d13-83adabe5993f.json,Bachelorarbeit-Haupterhebung-Laravel-Code-Sicherung/Lauf35-laravel-ce40a18c-aa8e-40fc-9d13-83adabe5993f/laravel
Lauf36,36,d6d45010-72fa-5741-b733-88958a8795d2,eb52c0d2-2314-4577-9c3c-7281d4db059e,C-BF-0,951958a3600621e43a708a8a0db2baf850b4bfbdb25a57ca24f42805e2da6d5a,Einzellaeufe/Lauf36/run-eb52c0d2-2314-4577-9c3c-7281d4db059e.csv,Einzellaeufe/Lauf36/run-eb52c0d2-2314-4577-9c3c-7281d4db059e.json,Bachelorarbeit-Haupterhebung-Laravel-Code-Sicherung/Lauf36-laravel-eb52c0d2-2314-4577-9c3c-7281d4db059e/laravel
Lauf37,37,ab8215e5-b753-5a6a-a4e7-ad9caf42eeac,c9e2f4a7-a3de-4249-8e90-be53fda87bef,C-BF-0,da6ea9e9345987541cd7c36ae422262583816e19fb5a29b5cab23e44577d756a,Einzellaeufe/Lauf37/run-c9e2f4a7-a3de-4249-8e90-be53fda87bef.csv,Einzellaeufe/Lauf37/run-c9e2f4a7-a3de-4249-8e90-be53fda87bef.json,Bachelorarbeit-Haupterhebung-Laravel-Code-Sicherung/Lauf37-laravel-c9e2f4a7-a3de-4249-8e90-be53fda87bef/laravel
Lauf38,38,1b20061c-b208-551a-b06c-81ffeff623fc,0dcdded8-ae9f-420c-af06-5e7a2dfc1af7,C-BF-1,d020e075003de022dcc8cccdb5d8ecedd97130b1e85e33a119c5726f874860fc,Einzellaeufe/Lauf38/run-0dcdded8-ae9f-420c-af06-5e7a2dfc1af7.csv,Einzellaeufe/Lauf38/run-0dcdded8-ae9f-420c-af06-5e7a2dfc1af7.json,Bachelorarbeit-Haupterhebung-Laravel-Code-Sicherung/Lauf38-laravel-0dcdded8-ae9f-420c-af06-5e7a2dfc1af7/laravel
Lauf39,39,9b6d0913-2ae6-5dab-ab36-d05e1c51b208,8b261693-0c10-46f4-a243-27fd45b5f4e8,C-SQL-0,310fc93aaef35c7f963d2fd9a0f10aeab94aa92fc21a8664cf712aa51ef57de8,Einzellaeufe/Lauf39/run-8b261693-0c10-46f4-a243-27fd45b5f4e8.csv,Einzellaeufe/Lauf39/run-8b261693-0c10-46f4-a243-27fd45b5f4e8.json,Bachelorarbeit-Haupterhebung-Laravel-Code-Sicherung/Lauf39-laravel-8b261693-0c10-46f4-a243-27fd45b5f4e8/laravel
Lauf40,40,a27c1fb2-edc1-57e6-9d74-adb5a13fed3b,f421808e-bd73-46b2-9444-d7c6ebe0f163,C-UP-0,e9c20ce72fe0849f7459bebf76f7d1d014a5da86287e828a2d5d8f5ace310e1a,Einzellaeufe/Lauf40/run-f421808e-bd73-46b2-9444-d7c6ebe0f163.csv,Einzellaeufe/Lauf40/run-f421808e-bd73-46b2-9444-d7c6ebe0f163.json,Bachelorarbeit-Haupterhebung-Laravel-Code-Sicherung/Lauf40-laravel-f421808e-bd73-46b2-9444-d7c6ebe0f163/laravel
Lauf41,41,4696448b-8c21-591b-80cc-7344ea0b95ec,2bb545ed-5357-4270-9f47-acdedbeafbb5,C-UP-1,c370c0a9ade6f3957aacd26a4ebc6af15cf43f82e4504b883b5bc1c985794671,Einzellaeufe/Lauf41/run-2bb545ed-5357-4270-9f47-acdedbeafbb5.csv,Einzellaeufe/Lauf41/run-2bb545ed-5357-4270-9f47-acdedbeafbb5.json,Bachelorarbeit-Haupterhebung-Laravel-Code-Sicherung/Lauf41-laravel-2bb545ed-5357-4270-9f47-acdedbeafbb5/laravel
Lauf42,42,c1d75a33-928c-5636-b99c-def1fb29e0f5,bb5b4ed5-341c-433b-8930-be6390dd5308,C-SQL-1,e8255303f1e0cde7479952f03f3b344272c0261c44dbb56c3ba846d5849ccda2,Einzellaeufe/Lauf42/run-bb5b4ed5-341c-433b-8930-be6390dd5308.csv,Einzellaeufe/Lauf42/run-bb5b4ed5-341c-433b-8930-be6390dd5308.json,Bachelorarbeit-Haupterhebung-Laravel-Code-Sicherung/Lauf42-laravel-bb5b4ed5-341c-433b-8930-be6390dd5308/laravel
Lauf43,43,61eebfb6-2555-5bce-ba71-7a750427392a,f699e69a-7d8c-4120-aed3-1fc1c8856b68,C-UP-1,d1c7cfe739bde7675213666c36301ae75805470a0e7f4b564d95bbc90500c1e4,Einzellaeufe/Lauf43/run-f699e69a-7d8c-4120-aed3-1fc1c8856b68.csv,Einzellaeufe/Lauf43/run-f699e69a-7d8c-4120-aed3-1fc1c8856b68.json,Bachelorarbeit-Haupterhebung-Laravel-Code-Sicherung/Lauf43-laravel-f699e69a-7d8c-4120-aed3-1fc1c8856b68/laravel
Lauf44,44,aba074a1-d451-595d-bc12-e257adbe7383,a4f1303d-2680-4974-820d-f01bb33855e2,C-BF-0,2075b7d081c7ee47cdf4c8dab1d605e31fa4eb2e37c5f948e6510da97ad5a115,Einzellaeufe/Lauf44/run-a4f1303d-2680-4974-820d-f01bb33855e2.csv,Einzellaeufe/Lauf44/run-a4f1303d-2680-4974-820d-f01bb33855e2.json,Bachelorarbeit-Haupterhebung-Laravel-Code-Sicherung/Lauf44-laravel-a4f1303d-2680-4974-820d-f01bb33855e2/laravel
Lauf45,45,1ca34094-ee4d-5962-a78a-174d361a9cd3,6bbe94d3-45b9-4203-be9d-d1c1c93b2869,C-UP-0,2d9681d9c609b4fa7b683579eeaccebb7a585916edbd34795f95dc2f16b47e4b,Einzellaeufe/Lauf45/run-6bbe94d3-45b9-4203-be9d-d1c1c93b2869.csv,Einzellaeufe/Lauf45/run-6bbe94d3-45b9-4203-be9d-d1c1c93b2869.json,Bachelorarbeit-Haupterhebung-Laravel-Code-Sicherung/Lauf45-laravel-6bbe94d3-45b9-4203-be9d-d1c1c93b2869/laravel
Lauf46,46,7edb0577-da07-5c6f-8391-bb90e9822165,65ab8c0f-8e90-4b88-8520-97b2399c3ba2,C-BF-1,e69a389b85bb3f5d5e8e0358da9e10571b709538eded76ca43c8eb44718fff38,Einzellaeufe/Lauf46/run-65ab8c0f-8e90-4b88-8520-97b2399c3ba2.csv,Einzellaeufe/Lauf46/run-65ab8c0f-8e90-4b88-8520-97b2399c3ba2.json,Bachelorarbeit-Haupterhebung-Laravel-Code-Sicherung/Lauf46-laravel-65ab8c0f-8e90-4b88-8520-97b2399c3ba2/laravel
Lauf47,47,d7c5d484-54dc-5d1e-a3ac-65d60267a12c,9d2a8092-df15-47cc-bd7a-a5f32ea63b35,C-SQL-0,af64451f35d73e78d45599c56b254ad16f027493556fd397ad7b9cae48a9ba82,Einzellaeufe/Lauf47/run-9d2a8092-df15-47cc-bd7a-a5f32ea63b35.csv,Einzellaeufe/Lauf47/run-9d2a8092-df15-47cc-bd7a-a5f32ea63b35.json,Bachelorarbeit-Haupterhebung-Laravel-Code-Sicherung/Lauf47-laravel-9d2a8092-df15-47cc-bd7a-a5f32ea63b35/laravel
Lauf48,48,f416cc8b-3bc2-5c4c-a91c-c56faf748684,ca01d777-1bf3-4bae-96d4-974ae4f9359d,C-SQL-1,5e2cd784e68194e6618d1eb854a2f1d53c92faa75346b94870e0f79c1d33a8fc,Einzellaeufe/Lauf48/run-ca01d777-1bf3-4bae-96d4-974ae4f9359d.csv,Einzellaeufe/Lauf48/run-ca01d777-1bf3-4bae-96d4-974ae4f9359d.json,Bachelorarbeit-Haupterhebung-Laravel-Code-Sicherung/Lauf48-laravel-ca01d777-1bf3-4bae-96d4-974ae4f9359d/laravel
