analysis_version,comparison,data_hash,denominator_sets.B_C,denominator_sets.B_EM,denominator_sets.B_EP,ids,leave_one_out.max.denominator,leave_one_out.max.numerator,leave_one_out.max.source,leave_one_out.max.status,leave_one_out.max.unit,leave_one_out.max.value,leave_one_out.min.denominator,leave_one_out.min.numerator,leave_one_out.min.source,leave_one_out.min.status,leave_one_out.min.unit,leave_one_out.min.value,leave_one_out.omitted_block_ids,leave_one_out.sign_change,leave_one_out.strict_positive_negative,leave_one_out.values,max.denominator,max.numerator,max.source,max.status,max.unit,max.value,mean.denominator,mean.numerator,mean.source,mean.status,mean.unit,mean.value,median.denominator,median.numerator,median.source,median.status,median.unit,median.value,min.denominator,min.numerator,min.source,min.status,min.unit,min.value,n,percentage_points.denominator,percentage_points.numerator,percentage_points.source,percentage_points.status,percentage_points.unit,percentage_points.value,sample_sd.source,sample_sd.status,sample_sd.unit,sample_sd.value,table_unit,unit,values
M7-analysis-v5,UF3:AB-AA,dbb63e68d4ed9e904fa985aa5b88d674205b6caab086a8d981ac8918a9c68fb5,"[""2394b234-0bc9-5e4f-b3e2-b83fed46e68b"",""f9faff59-3259-5804-8713-ca7f4006c343"",""0c44d85c-d8d9-572f-b0cb-1e52983adc6c"",""184b05d2-2f8e-5d0c-89a1-eddf992ccdf9"",""7753dd3d-102a-5383-af77-d7047c6a615f""]","[""2394b234-0bc9-5e4f-b3e2-b83fed46e68b"",""f9faff59-3259-5804-8713-ca7f4006c343"",""0c44d85c-d8d9-572f-b0cb-1e52983adc6c""]","[""2394b234-0bc9-5e4f-b3e2-b83fed46e68b"",""f9faff59-3259-5804-8713-ca7f4006c343"",""0c44d85c-d8d9-572f-b0cb-1e52983adc6c""]","[""2394b234-0bc9-5e4f-b3e2-b83fed46e68b"",""f9faff59-3259-5804-8713-ca7f4006c343"",""0c44d85c-d8d9-572f-b0cb-1e52983adc6c""]",1,0,M7 exact derivation,observed,ratio_difference,0,1,0,M7 exact derivation,observed,ratio_difference,0,"[""2394b234-0bc9-5e4f-b3e2-b83fed46e68b"",""f9faff59-3259-5804-8713-ca7f4006c343"",""0c44d85c-d8d9-572f-b0cb-1e52983adc6c""]",False,False,"[{""denominator"":1,""numerator"":0,""source"":""M7 exact derivation"",""status"":""observed"",""unit"":""ratio_difference"",""value"":""0""},{""denominator"":1,""numerator"":0,""source"":""M7 exact derivation"",""status"":""observed"",""unit"":""ratio_difference"",""value"":""0""},{""denominator"":1,""numerator"":0,""source"":""M7 exact derivation"",""status"":""observed"",""unit"":""ratio_difference"",""value"":""0""}]",1,0,M7 exact derivation,observed,ratio_difference,0,1,0,M7 exact derivation,observed,ratio_difference,0,1,0,M7 exact derivation,observed,ratio_difference,0,1,0,M7 exact derivation,observed,ratio_difference,0,3,1,0,M7 exact derivation,observed,percentage_points,0,M7 exact derivation,observed,ratio_difference,0,ratio_difference / percentage_points,ratio_difference,"[{""denominator"":1,""numerator"":0,""source"":""M7 exact derivation"",""status"":""observed"",""unit"":""ratio_difference"",""value"":""0""},{""denominator"":1,""numerator"":0,""source"":""M7 exact derivation"",""status"":""observed"",""unit"":""ratio_difference"",""value"":""0""},{""denominator"":1,""numerator"":0,""source"":""M7 exact derivation"",""status"":""observed"",""unit"":""ratio_difference"",""value"":""0""}]"
M7-analysis-v5,UF3:BA-AA,dbb63e68d4ed9e904fa985aa5b88d674205b6caab086a8d981ac8918a9c68fb5,"[""2394b234-0bc9-5e4f-b3e2-b83fed46e68b"",""f9faff59-3259-5804-8713-ca7f4006c343"",""0c44d85c-d8d9-572f-b0cb-1e52983adc6c"",""184b05d2-2f8e-5d0c-89a1-eddf992ccdf9"",""7753dd3d-102a-5383-af77-d7047c6a615f""]","[""2394b234-0bc9-5e4f-b3e2-b83fed46e68b"",""f9faff59-3259-5804-8713-ca7f4006c343"",""0c44d85c-d8d9-572f-b0cb-1e52983adc6c""]","[""2394b234-0bc9-5e4f-b3e2-b83fed46e68b"",""f9faff59-3259-5804-8713-ca7f4006c343"",""0c44d85c-d8d9-572f-b0cb-1e52983adc6c""]","[""2394b234-0bc9-5e4f-b3e2-b83fed46e68b"",""f9faff59-3259-5804-8713-ca7f4006c343"",""0c44d85c-d8d9-572f-b0cb-1e52983adc6c""]",1,0,M7 exact derivation,observed,ratio_difference,0,3,-1,M7 exact derivation,observed,ratio_difference,-1/3,"[""2394b234-0bc9-5e4f-b3e2-b83fed46e68b"",""f9faff59-3259-5804-8713-ca7f4006c343"",""0c44d85c-d8d9-572f-b0cb-1e52983adc6c""]",True,False,"[{""denominator"":3,""numerator"":-1,""source"":""M7 exact derivation"",""status"":""observed"",""unit"":""ratio_difference"",""value"":""-1/3""},{""denominator"":1,""numerator"":0,""source"":""M7 exact derivation"",""status"":""observed"",""unit"":""ratio_difference"",""value"":""0""},{""denominator"":3,""numerator"":-1,""source"":""M7 exact derivation"",""status"":""observed"",""unit"":""ratio_difference"",""value"":""-1/3""}]",1,0,M7 exact derivation,observed,ratio_difference,0,9,-2,M7 exact derivation,observed,ratio_difference,-2/9,1,0,M7 exact derivation,observed,ratio_difference,0,3,-2,M7 exact derivation,observed,ratio_difference,-2/3,3,9,-200,M7 exact derivation,observed,percentage_points,-200/9,M7 exact derivation,observed,ratio_difference,0.3849001794597505096727658536679716370984,ratio_difference / percentage_points,ratio_difference,"[{""denominator"":1,""numerator"":0,""source"":""M7 exact derivation"",""status"":""observed"",""unit"":""ratio_difference"",""value"":""0""},{""denominator"":3,""numerator"":-2,""source"":""M7 exact derivation"",""status"":""observed"",""unit"":""ratio_difference"",""value"":""-2/3""},{""denominator"":1,""numerator"":0,""source"":""M7 exact derivation"",""status"":""observed"",""unit"":""ratio_difference"",""value"":""0""}]"
M7-analysis-v5,UF3:BA-BB,dbb63e68d4ed9e904fa985aa5b88d674205b6caab086a8d981ac8918a9c68fb5,"[""2394b234-0bc9-5e4f-b3e2-b83fed46e68b"",""f9faff59-3259-5804-8713-ca7f4006c343"",""0c44d85c-d8d9-572f-b0cb-1e52983adc6c"",""184b05d2-2f8e-5d0c-89a1-eddf992ccdf9"",""7753dd3d-102a-5383-af77-d7047c6a615f""]","[""2394b234-0bc9-5e4f-b3e2-b83fed46e68b"",""f9faff59-3259-5804-8713-ca7f4006c343"",""0c44d85c-d8d9-572f-b0cb-1e52983adc6c""]","[""2394b234-0bc9-5e4f-b3e2-b83fed46e68b"",""f9faff59-3259-5804-8713-ca7f4006c343"",""0c44d85c-d8d9-572f-b0cb-1e52983adc6c""]","[""2394b234-0bc9-5e4f-b3e2-b83fed46e68b"",""f9faff59-3259-5804-8713-ca7f4006c343"",""0c44d85c-d8d9-572f-b0cb-1e52983adc6c""]",1,0,M7 exact derivation,observed,ratio_difference,0,3,-1,M7 exact derivation,observed,ratio_difference,-1/3,"[""2394b234-0bc9-5e4f-b3e2-b83fed46e68b"",""f9faff59-3259-5804-8713-ca7f4006c343"",""0c44d85c-d8d9-572f-b0cb-1e52983adc6c""]",True,False,"[{""denominator"":3,""numerator"":-1,""source"":""M7 exact derivation"",""status"":""observed"",""unit"":""ratio_difference"",""value"":""-1/3""},{""denominator"":1,""numerator"":0,""source"":""M7 exact derivation"",""status"":""observed"",""unit"":""ratio_difference"",""value"":""0""},{""denominator"":3,""numerator"":-1,""source"":""M7 exact derivation"",""status"":""observed"",""unit"":""ratio_difference"",""value"":""-1/3""}]",1,0,M7 exact derivation,observed,ratio_difference,0,9,-2,M7 exact derivation,observed,ratio_difference,-2/9,1,0,M7 exact derivation,observed,ratio_difference,0,3,-2,M7 exact derivation,observed,ratio_difference,-2/3,3,9,-200,M7 exact derivation,observed,percentage_points,-200/9,M7 exact derivation,observed,ratio_difference,0.3849001794597505096727658536679716370984,ratio_difference / percentage_points,ratio_difference,"[{""denominator"":1,""numerator"":0,""source"":""M7 exact derivation"",""status"":""observed"",""unit"":""ratio_difference"",""value"":""0""},{""denominator"":3,""numerator"":-2,""source"":""M7 exact derivation"",""status"":""observed"",""unit"":""ratio_difference"",""value"":""-2/3""},{""denominator"":1,""numerator"":0,""source"":""M7 exact derivation"",""status"":""observed"",""unit"":""ratio_difference"",""value"":""0""}]"
M7-analysis-v5,UF3:BB-AB,dbb63e68d4ed9e904fa985aa5b88d674205b6caab086a8d981ac8918a9c68fb5,"[""2394b234-0bc9-5e4f-b3e2-b83fed46e68b"",""f9faff59-3259-5804-8713-ca7f4006c343"",""0c44d85c-d8d9-572f-b0cb-1e52983adc6c"",""184b05d2-2f8e-5d0c-89a1-eddf992ccdf9"",""7753dd3d-102a-5383-af77-d7047c6a615f""]","[""2394b234-0bc9-5e4f-b3e2-b83fed46e68b"",""f9faff59-3259-5804-8713-ca7f4006c343"",""0c44d85c-d8d9-572f-b0cb-1e52983adc6c""]","[""2394b234-0bc9-5e4f-b3e2-b83fed46e68b"",""f9faff59-3259-5804-8713-ca7f4006c343"",""0c44d85c-d8d9-572f-b0cb-1e52983adc6c""]","[""2394b234-0bc9-5e4f-b3e2-b83fed46e68b"",""f9faff59-3259-5804-8713-ca7f4006c343"",""0c44d85c-d8d9-572f-b0cb-1e52983adc6c""]",1,0,M7 exact derivation,observed,ratio_difference,0,1,0,M7 exact derivation,observed,ratio_difference,0,"[""2394b234-0bc9-5e4f-b3e2-b83fed46e68b"",""f9faff59-3259-5804-8713-ca7f4006c343"",""0c44d85c-d8d9-572f-b0cb-1e52983adc6c""]",False,False,"[{""denominator"":1,""numerator"":0,""source"":""M7 exact derivation"",""status"":""observed"",""unit"":""ratio_difference"",""value"":""0""},{""denominator"":1,""numerator"":0,""source"":""M7 exact derivation"",""status"":""observed"",""unit"":""ratio_difference"",""value"":""0""},{""denominator"":1,""numerator"":0,""source"":""M7 exact derivation"",""status"":""observed"",""unit"":""ratio_difference"",""value"":""0""}]",1,0,M7 exact derivation,observed,ratio_difference,0,1,0,M7 exact derivation,observed,ratio_difference,0,1,0,M7 exact derivation,observed,ratio_difference,0,1,0,M7 exact derivation,observed,ratio_difference,0,3,1,0,M7 exact derivation,observed,percentage_points,0,M7 exact derivation,observed,ratio_difference,0,ratio_difference / percentage_points,ratio_difference,"[{""denominator"":1,""numerator"":0,""source"":""M7 exact derivation"",""status"":""observed"",""unit"":""ratio_difference"",""value"":""0""},{""denominator"":1,""numerator"":0,""source"":""M7 exact derivation"",""status"":""observed"",""unit"":""ratio_difference"",""value"":""0""},{""denominator"":1,""numerator"":0,""source"":""M7 exact derivation"",""status"":""observed"",""unit"":""ratio_difference"",""value"":""0""}]"
M7-analysis-v5,UF4:Interaction,dbb63e68d4ed9e904fa985aa5b88d674205b6caab086a8d981ac8918a9c68fb5,"[""2394b234-0bc9-5e4f-b3e2-b83fed46e68b"",""f9faff59-3259-5804-8713-ca7f4006c343"",""0c44d85c-d8d9-572f-b0cb-1e52983adc6c"",""184b05d2-2f8e-5d0c-89a1-eddf992ccdf9"",""7753dd3d-102a-5383-af77-d7047c6a615f""]","[""2394b234-0bc9-5e4f-b3e2-b83fed46e68b"",""f9faff59-3259-5804-8713-ca7f4006c343"",""0c44d85c-d8d9-572f-b0cb-1e52983adc6c""]","[""2394b234-0bc9-5e4f-b3e2-b83fed46e68b"",""f9faff59-3259-5804-8713-ca7f4006c343"",""0c44d85c-d8d9-572f-b0cb-1e52983adc6c""]","[""2394b234-0bc9-5e4f-b3e2-b83fed46e68b"",""f9faff59-3259-5804-8713-ca7f4006c343"",""0c44d85c-d8d9-572f-b0cb-1e52983adc6c""]",1,0,M7 exact derivation,observed,ratio_difference,0,1,0,M7 exact derivation,observed,ratio_difference,0,"[""2394b234-0bc9-5e4f-b3e2-b83fed46e68b"",""f9faff59-3259-5804-8713-ca7f4006c343"",""0c44d85c-d8d9-572f-b0cb-1e52983adc6c""]",False,False,"[{""denominator"":1,""numerator"":0,""source"":""M7 exact derivation"",""status"":""observed"",""unit"":""ratio_difference"",""value"":""0""},{""denominator"":1,""numerator"":0,""source"":""M7 exact derivation"",""status"":""observed"",""unit"":""ratio_difference"",""value"":""0""},{""denominator"":1,""numerator"":0,""source"":""M7 exact derivation"",""status"":""observed"",""unit"":""ratio_difference"",""value"":""0""}]",1,0,M7 exact derivation,observed,ratio_difference,0,1,0,M7 exact derivation,observed,ratio_difference,0,1,0,M7 exact derivation,observed,ratio_difference,0,1,0,M7 exact derivation,observed,ratio_difference,0,3,1,0,M7 exact derivation,observed,percentage_points,0,M7 exact derivation,observed,ratio_difference,0,ratio_difference / percentage_points,ratio_difference,"[{""denominator"":1,""numerator"":0,""source"":""M7 exact derivation"",""status"":""observed"",""unit"":""ratio_difference"",""value"":""0""},{""denominator"":1,""numerator"":0,""source"":""M7 exact derivation"",""status"":""observed"",""unit"":""ratio_difference"",""value"":""0""},{""denominator"":1,""numerator"":0,""source"":""M7 exact derivation"",""status"":""observed"",""unit"":""ratio_difference"",""value"":""0""}]"
M7-analysis-v5,UF4:Planner10-00,dbb63e68d4ed9e904fa985aa5b88d674205b6caab086a8d981ac8918a9c68fb5,"[""2394b234-0bc9-5e4f-b3e2-b83fed46e68b"",""f9faff59-3259-5804-8713-ca7f4006c343"",""0c44d85c-d8d9-572f-b0cb-1e52983adc6c"",""184b05d2-2f8e-5d0c-89a1-eddf992ccdf9"",""7753dd3d-102a-5383-af77-d7047c6a615f""]","[""2394b234-0bc9-5e4f-b3e2-b83fed46e68b"",""f9faff59-3259-5804-8713-ca7f4006c343"",""0c44d85c-d8d9-572f-b0cb-1e52983adc6c""]","[""2394b234-0bc9-5e4f-b3e2-b83fed46e68b"",""f9faff59-3259-5804-8713-ca7f4006c343"",""0c44d85c-d8d9-572f-b0cb-1e52983adc6c""]","[""2394b234-0bc9-5e4f-b3e2-b83fed46e68b"",""f9faff59-3259-5804-8713-ca7f4006c343"",""0c44d85c-d8d9-572f-b0cb-1e52983adc6c""]",1,0,M7 exact derivation,observed,ratio_difference,0,1,0,M7 exact derivation,observed,ratio_difference,0,"[""2394b234-0bc9-5e4f-b3e2-b83fed46e68b"",""f9faff59-3259-5804-8713-ca7f4006c343"",""0c44d85c-d8d9-572f-b0cb-1e52983adc6c""]",False,False,"[{""denominator"":1,""numerator"":0,""source"":""M7 exact derivation"",""status"":""observed"",""unit"":""ratio_difference"",""value"":""0""},{""denominator"":1,""numerator"":0,""source"":""M7 exact derivation"",""status"":""observed"",""unit"":""ratio_difference"",""value"":""0""},{""denominator"":1,""numerator"":0,""source"":""M7 exact derivation"",""status"":""observed"",""unit"":""ratio_difference"",""value"":""0""}]",1,0,M7 exact derivation,observed,ratio_difference,0,1,0,M7 exact derivation,observed,ratio_difference,0,1,0,M7 exact derivation,observed,ratio_difference,0,1,0,M7 exact derivation,observed,ratio_difference,0,3,1,0,M7 exact derivation,observed,percentage_points,0,M7 exact derivation,observed,ratio_difference,0,ratio_difference / percentage_points,ratio_difference,"[{""denominator"":1,""numerator"":0,""source"":""M7 exact derivation"",""status"":""observed"",""unit"":""ratio_difference"",""value"":""0""},{""denominator"":1,""numerator"":0,""source"":""M7 exact derivation"",""status"":""observed"",""unit"":""ratio_difference"",""value"":""0""},{""denominator"":1,""numerator"":0,""source"":""M7 exact derivation"",""status"":""observed"",""unit"":""ratio_difference"",""value"":""0""}]"
M7-analysis-v5,UF4:Planner11-01,dbb63e68d4ed9e904fa985aa5b88d674205b6caab086a8d981ac8918a9c68fb5,"[""2394b234-0bc9-5e4f-b3e2-b83fed46e68b"",""f9faff59-3259-5804-8713-ca7f4006c343"",""0c44d85c-d8d9-572f-b0cb-1e52983adc6c"",""184b05d2-2f8e-5d0c-89a1-eddf992ccdf9"",""7753dd3d-102a-5383-af77-d7047c6a615f""]","[""2394b234-0bc9-5e4f-b3e2-b83fed46e68b"",""f9faff59-3259-5804-8713-ca7f4006c343"",""0c44d85c-d8d9-572f-b0cb-1e52983adc6c""]","[""2394b234-0bc9-5e4f-b3e2-b83fed46e68b"",""f9faff59-3259-5804-8713-ca7f4006c343"",""0c44d85c-d8d9-572f-b0cb-1e52983adc6c""]","[""2394b234-0bc9-5e4f-b3e2-b83fed46e68b"",""f9faff59-3259-5804-8713-ca7f4006c343"",""0c44d85c-d8d9-572f-b0cb-1e52983adc6c""]",1,0,M7 exact derivation,observed,ratio_difference,0,1,0,M7 exact derivation,observed,ratio_difference,0,"[""2394b234-0bc9-5e4f-b3e2-b83fed46e68b"",""f9faff59-3259-5804-8713-ca7f4006c343"",""0c44d85c-d8d9-572f-b0cb-1e52983adc6c""]",False,False,"[{""denominator"":1,""numerator"":0,""source"":""M7 exact derivation"",""status"":""observed"",""unit"":""ratio_difference"",""value"":""0""},{""denominator"":1,""numerator"":0,""source"":""M7 exact derivation"",""status"":""observed"",""unit"":""ratio_difference"",""value"":""0""},{""denominator"":1,""numerator"":0,""source"":""M7 exact derivation"",""status"":""observed"",""unit"":""ratio_difference"",""value"":""0""}]",1,0,M7 exact derivation,observed,ratio_difference,0,1,0,M7 exact derivation,observed,ratio_difference,0,1,0,M7 exact derivation,observed,ratio_difference,0,1,0,M7 exact derivation,observed,ratio_difference,0,3,1,0,M7 exact derivation,observed,percentage_points,0,M7 exact derivation,observed,ratio_difference,0,ratio_difference / percentage_points,ratio_difference,"[{""denominator"":1,""numerator"":0,""source"":""M7 exact derivation"",""status"":""observed"",""unit"":""ratio_difference"",""value"":""0""},{""denominator"":1,""numerator"":0,""source"":""M7 exact derivation"",""status"":""observed"",""unit"":""ratio_difference"",""value"":""0""},{""denominator"":1,""numerator"":0,""source"":""M7 exact derivation"",""status"":""observed"",""unit"":""ratio_difference"",""value"":""0""}]"
M7-analysis-v5,UF4:Review01-00,dbb63e68d4ed9e904fa985aa5b88d674205b6caab086a8d981ac8918a9c68fb5,"[""2394b234-0bc9-5e4f-b3e2-b83fed46e68b"",""f9faff59-3259-5804-8713-ca7f4006c343"",""0c44d85c-d8d9-572f-b0cb-1e52983adc6c"",""184b05d2-2f8e-5d0c-89a1-eddf992ccdf9"",""7753dd3d-102a-5383-af77-d7047c6a615f""]","[""2394b234-0bc9-5e4f-b3e2-b83fed46e68b"",""f9faff59-3259-5804-8713-ca7f4006c343"",""0c44d85c-d8d9-572f-b0cb-1e52983adc6c""]","[""2394b234-0bc9-5e4f-b3e2-b83fed46e68b"",""f9faff59-3259-5804-8713-ca7f4006c343"",""0c44d85c-d8d9-572f-b0cb-1e52983adc6c""]","[""2394b234-0bc9-5e4f-b3e2-b83fed46e68b"",""f9faff59-3259-5804-8713-ca7f4006c343"",""0c44d85c-d8d9-572f-b0cb-1e52983adc6c""]",1,0,M7 exact derivation,observed,ratio_difference,0,1,0,M7 exact derivation,observed,ratio_difference,0,"[""2394b234-0bc9-5e4f-b3e2-b83fed46e68b"",""f9faff59-3259-5804-8713-ca7f4006c343"",""0c44d85c-d8d9-572f-b0cb-1e52983adc6c""]",False,False,"[{""denominator"":1,""numerator"":0,""source"":""M7 exact derivation"",""status"":""observed"",""unit"":""ratio_difference"",""value"":""0""},{""denominator"":1,""numerator"":0,""source"":""M7 exact derivation"",""status"":""observed"",""unit"":""ratio_difference"",""value"":""0""},{""denominator"":1,""numerator"":0,""source"":""M7 exact derivation"",""status"":""observed"",""unit"":""ratio_difference"",""value"":""0""}]",1,0,M7 exact derivation,observed,ratio_difference,0,1,0,M7 exact derivation,observed,ratio_difference,0,1,0,M7 exact derivation,observed,ratio_difference,0,1,0,M7 exact derivation,observed,ratio_difference,0,3,1,0,M7 exact derivation,observed,percentage_points,0,M7 exact derivation,observed,ratio_difference,0,ratio_difference / percentage_points,ratio_difference,"[{""denominator"":1,""numerator"":0,""source"":""M7 exact derivation"",""status"":""observed"",""unit"":""ratio_difference"",""value"":""0""},{""denominator"":1,""numerator"":0,""source"":""M7 exact derivation"",""status"":""observed"",""unit"":""ratio_difference"",""value"":""0""},{""denominator"":1,""numerator"":0,""source"":""M7 exact derivation"",""status"":""observed"",""unit"":""ratio_difference"",""value"":""0""}]"
M7-analysis-v5,UF4:Review11-10,dbb63e68d4ed9e904fa985aa5b88d674205b6caab086a8d981ac8918a9c68fb5,"[""2394b234-0bc9-5e4f-b3e2-b83fed46e68b"",""f9faff59-3259-5804-8713-ca7f4006c343"",""0c44d85c-d8d9-572f-b0cb-1e52983adc6c"",""184b05d2-2f8e-5d0c-89a1-eddf992ccdf9"",""7753dd3d-102a-5383-af77-d7047c6a615f""]","[""2394b234-0bc9-5e4f-b3e2-b83fed46e68b"",""f9faff59-3259-5804-8713-ca7f4006c343"",""0c44d85c-d8d9-572f-b0cb-1e52983adc6c""]","[""2394b234-0bc9-5e4f-b3e2-b83fed46e68b"",""f9faff59-3259-5804-8713-ca7f4006c343"",""0c44d85c-d8d9-572f-b0cb-1e52983adc6c""]","[""2394b234-0bc9-5e4f-b3e2-b83fed46e68b"",""f9faff59-3259-5804-8713-ca7f4006c343"",""0c44d85c-d8d9-572f-b0cb-1e52983adc6c""]",1,0,M7 exact derivation,observed,ratio_difference,0,1,0,M7 exact derivation,observed,ratio_difference,0,"[""2394b234-0bc9-5e4f-b3e2-b83fed46e68b"",""f9faff59-3259-5804-8713-ca7f4006c343"",""0c44d85c-d8d9-572f-b0cb-1e52983adc6c""]",False,False,"[{""denominator"":1,""numerator"":0,""source"":""M7 exact derivation"",""status"":""observed"",""unit"":""ratio_difference"",""value"":""0""},{""denominator"":1,""numerator"":0,""source"":""M7 exact derivation"",""status"":""observed"",""unit"":""ratio_difference"",""value"":""0""},{""denominator"":1,""numerator"":0,""source"":""M7 exact derivation"",""status"":""observed"",""unit"":""ratio_difference"",""value"":""0""}]",1,0,M7 exact derivation,observed,ratio_difference,0,1,0,M7 exact derivation,observed,ratio_difference,0,1,0,M7 exact derivation,observed,ratio_difference,0,1,0,M7 exact derivation,observed,ratio_difference,0,3,1,0,M7 exact derivation,observed,percentage_points,0,M7 exact derivation,observed,ratio_difference,0,ratio_difference / percentage_points,ratio_difference,"[{""denominator"":1,""numerator"":0,""source"":""M7 exact derivation"",""status"":""observed"",""unit"":""ratio_difference"",""value"":""0""},{""denominator"":1,""numerator"":0,""source"":""M7 exact derivation"",""status"":""observed"",""unit"":""ratio_difference"",""value"":""0""},{""denominator"":1,""numerator"":0,""source"":""M7 exact derivation"",""status"":""observed"",""unit"":""ratio_difference"",""value"":""0""}]"
M7-analysis-v5,core,dbb63e68d4ed9e904fa985aa5b88d674205b6caab086a8d981ac8918a9c68fb5,"[""2394b234-0bc9-5e4f-b3e2-b83fed46e68b"",""f9faff59-3259-5804-8713-ca7f4006c343"",""0c44d85c-d8d9-572f-b0cb-1e52983adc6c"",""184b05d2-2f8e-5d0c-89a1-eddf992ccdf9"",""7753dd3d-102a-5383-af77-d7047c6a615f""]","[""2394b234-0bc9-5e4f-b3e2-b83fed46e68b"",""f9faff59-3259-5804-8713-ca7f4006c343"",""0c44d85c-d8d9-572f-b0cb-1e52983adc6c""]","[""2394b234-0bc9-5e4f-b3e2-b83fed46e68b"",""f9faff59-3259-5804-8713-ca7f4006c343"",""0c44d85c-d8d9-572f-b0cb-1e52983adc6c""]","[""2394b234-0bc9-5e4f-b3e2-b83fed46e68b"",""f9faff59-3259-5804-8713-ca7f4006c343"",""0c44d85c-d8d9-572f-b0cb-1e52983adc6c"",""184b05d2-2f8e-5d0c-89a1-eddf992ccdf9"",""7753dd3d-102a-5383-af77-d7047c6a615f""]",36,1,M7 exact derivation,observed,ratio_difference,1/36,8,-1,M7 exact derivation,observed,ratio_difference,-1/8,"[""2394b234-0bc9-5e4f-b3e2-b83fed46e68b"",""f9faff59-3259-5804-8713-ca7f4006c343"",""0c44d85c-d8d9-572f-b0cb-1e52983adc6c"",""184b05d2-2f8e-5d0c-89a1-eddf992ccdf9"",""7753dd3d-102a-5383-af77-d7047c6a615f""]",True,True,"[{""denominator"":8,""numerator"":-1,""source"":""M7 exact derivation"",""status"":""observed"",""unit"":""ratio_difference"",""value"":""-1/8""},{""denominator"":24,""numerator"":-1,""source"":""M7 exact derivation"",""status"":""observed"",""unit"":""ratio_difference"",""value"":""-1/24""},{""denominator"":72,""numerator"":1,""source"":""M7 exact derivation"",""status"":""observed"",""unit"":""ratio_difference"",""value"":""1/72""},{""denominator"":36,""numerator"":1,""source"":""M7 exact derivation"",""status"":""observed"",""unit"":""ratio_difference"",""value"":""1/36""},{""denominator"":24,""numerator"":-1,""source"":""M7 exact derivation"",""status"":""observed"",""unit"":""ratio_difference"",""value"":""-1/24""}]",3,1,M7 exact derivation,observed,ratio_difference,1/3,30,-1,M7 exact derivation,observed,ratio_difference,-1/30,1,0,M7 exact derivation,observed,ratio_difference,0,18,-5,M7 exact derivation,observed,ratio_difference,-5/18,5,3,-10,M7 exact derivation,observed,percentage_points,-10/3,M7 exact derivation,observed,ratio_difference,0.2408831487630977713221069386748011039808,ratio_difference / percentage_points,ratio_difference,"[{""denominator"":3,""numerator"":1,""source"":""M7 exact derivation"",""status"":""observed"",""unit"":""ratio_difference"",""value"":""1/3""},{""denominator"":1,""numerator"":0,""source"":""M7 exact derivation"",""status"":""observed"",""unit"":""ratio_difference"",""value"":""0""},{""denominator"":9,""numerator"":-2,""source"":""M7 exact derivation"",""status"":""observed"",""unit"":""ratio_difference"",""value"":""-2/9""},{""denominator"":18,""numerator"":-5,""source"":""M7 exact derivation"",""status"":""observed"",""unit"":""ratio_difference"",""value"":""-5/18""},{""denominator"":1,""numerator"":0,""source"":""M7 exact derivation"",""status"":""observed"",""unit"":""ratio_difference"",""value"":""0""}]"
M7-analysis-v5,module_B_C:BF,dbb63e68d4ed9e904fa985aa5b88d674205b6caab086a8d981ac8918a9c68fb5,"[""2394b234-0bc9-5e4f-b3e2-b83fed46e68b"",""f9faff59-3259-5804-8713-ca7f4006c343"",""0c44d85c-d8d9-572f-b0cb-1e52983adc6c"",""184b05d2-2f8e-5d0c-89a1-eddf992ccdf9"",""7753dd3d-102a-5383-af77-d7047c6a615f""]","[""2394b234-0bc9-5e4f-b3e2-b83fed46e68b"",""f9faff59-3259-5804-8713-ca7f4006c343"",""0c44d85c-d8d9-572f-b0cb-1e52983adc6c""]","[""2394b234-0bc9-5e4f-b3e2-b83fed46e68b"",""f9faff59-3259-5804-8713-ca7f4006c343"",""0c44d85c-d8d9-572f-b0cb-1e52983adc6c""]","[""2394b234-0bc9-5e4f-b3e2-b83fed46e68b"",""f9faff59-3259-5804-8713-ca7f4006c343"",""0c44d85c-d8d9-572f-b0cb-1e52983adc6c"",""184b05d2-2f8e-5d0c-89a1-eddf992ccdf9"",""7753dd3d-102a-5383-af77-d7047c6a615f""]",1,0,M7 exact derivation,observed,ratio_difference,0,1,0,M7 exact derivation,observed,ratio_difference,0,"[""2394b234-0bc9-5e4f-b3e2-b83fed46e68b"",""f9faff59-3259-5804-8713-ca7f4006c343"",""0c44d85c-d8d9-572f-b0cb-1e52983adc6c"",""184b05d2-2f8e-5d0c-89a1-eddf992ccdf9"",""7753dd3d-102a-5383-af77-d7047c6a615f""]",False,False,"[{""denominator"":1,""numerator"":0,""source"":""M7 exact derivation"",""status"":""observed"",""unit"":""ratio_difference"",""value"":""0""},{""denominator"":1,""numerator"":0,""source"":""M7 exact derivation"",""status"":""observed"",""unit"":""ratio_difference"",""value"":""0""},{""denominator"":1,""numerator"":0,""source"":""M7 exact derivation"",""status"":""observed"",""unit"":""ratio_difference"",""value"":""0""},{""denominator"":1,""numerator"":0,""source"":""M7 exact derivation"",""status"":""observed"",""unit"":""ratio_difference"",""value"":""0""},{""denominator"":1,""numerator"":0,""source"":""M7 exact derivation"",""status"":""observed"",""unit"":""ratio_difference"",""value"":""0""}]",1,0,M7 exact derivation,observed,ratio_difference,0,1,0,M7 exact derivation,observed,ratio_difference,0,1,0,M7 exact derivation,observed,ratio_difference,0,1,0,M7 exact derivation,observed,ratio_difference,0,5,1,0,M7 exact derivation,observed,percentage_points,0,M7 exact derivation,observed,ratio_difference,0,ratio_difference / percentage_points,ratio_difference,"[{""denominator"":1,""numerator"":0,""source"":""M7 exact derivation"",""status"":""observed"",""unit"":""ratio_difference"",""value"":""0""},{""denominator"":1,""numerator"":0,""source"":""M7 exact derivation"",""status"":""observed"",""unit"":""ratio_difference"",""value"":""0""},{""denominator"":1,""numerator"":0,""source"":""M7 exact derivation"",""status"":""observed"",""unit"":""ratio_difference"",""value"":""0""},{""denominator"":1,""numerator"":0,""source"":""M7 exact derivation"",""status"":""observed"",""unit"":""ratio_difference"",""value"":""0""},{""denominator"":1,""numerator"":0,""source"":""M7 exact derivation"",""status"":""observed"",""unit"":""ratio_difference"",""value"":""0""}]"
M7-analysis-v5,module_B_C:SQL,dbb63e68d4ed9e904fa985aa5b88d674205b6caab086a8d981ac8918a9c68fb5,"[""2394b234-0bc9-5e4f-b3e2-b83fed46e68b"",""f9faff59-3259-5804-8713-ca7f4006c343"",""0c44d85c-d8d9-572f-b0cb-1e52983adc6c"",""184b05d2-2f8e-5d0c-89a1-eddf992ccdf9"",""7753dd3d-102a-5383-af77-d7047c6a615f""]","[""2394b234-0bc9-5e4f-b3e2-b83fed46e68b"",""f9faff59-3259-5804-8713-ca7f4006c343"",""0c44d85c-d8d9-572f-b0cb-1e52983adc6c""]","[""2394b234-0bc9-5e4f-b3e2-b83fed46e68b"",""f9faff59-3259-5804-8713-ca7f4006c343"",""0c44d85c-d8d9-572f-b0cb-1e52983adc6c""]","[""2394b234-0bc9-5e4f-b3e2-b83fed46e68b"",""f9faff59-3259-5804-8713-ca7f4006c343"",""0c44d85c-d8d9-572f-b0cb-1e52983adc6c"",""184b05d2-2f8e-5d0c-89a1-eddf992ccdf9"",""7753dd3d-102a-5383-af77-d7047c6a615f""]",4,1,M7 exact derivation,observed,ratio_difference,1/4,4,-1,M7 exact derivation,observed,ratio_difference,-1/4,"[""2394b234-0bc9-5e4f-b3e2-b83fed46e68b"",""f9faff59-3259-5804-8713-ca7f4006c343"",""0c44d85c-d8d9-572f-b0cb-1e52983adc6c"",""184b05d2-2f8e-5d0c-89a1-eddf992ccdf9"",""7753dd3d-102a-5383-af77-d7047c6a615f""]",True,True,"[{""denominator"":4,""numerator"":-1,""source"":""M7 exact derivation"",""status"":""observed"",""unit"":""ratio_difference"",""value"":""-1/4""},{""denominator"":1,""numerator"":0,""source"":""M7 exact derivation"",""status"":""observed"",""unit"":""ratio_difference"",""value"":""0""},{""denominator"":1,""numerator"":0,""source"":""M7 exact derivation"",""status"":""observed"",""unit"":""ratio_difference"",""value"":""0""},{""denominator"":4,""numerator"":1,""source"":""M7 exact derivation"",""status"":""observed"",""unit"":""ratio_difference"",""value"":""1/4""},{""denominator"":1,""numerator"":0,""source"":""M7 exact derivation"",""status"":""observed"",""unit"":""ratio_difference"",""value"":""0""}]",1,1,M7 exact derivation,observed,ratio_difference,1,1,0,M7 exact derivation,observed,ratio_difference,0,1,0,M7 exact derivation,observed,ratio_difference,0,1,-1,M7 exact derivation,observed,ratio_difference,-1,5,1,0,M7 exact derivation,observed,percentage_points,0,M7 exact derivation,observed,ratio_difference,0.7071067811865475244008443621048490392848,ratio_difference / percentage_points,ratio_difference,"[{""denominator"":1,""numerator"":1,""source"":""M7 exact derivation"",""status"":""observed"",""unit"":""ratio_difference"",""value"":""1""},{""denominator"":1,""numerator"":0,""source"":""M7 exact derivation"",""status"":""observed"",""unit"":""ratio_difference"",""value"":""0""},{""denominator"":1,""numerator"":0,""source"":""M7 exact derivation"",""status"":""observed"",""unit"":""ratio_difference"",""value"":""0""},{""denominator"":1,""numerator"":-1,""source"":""M7 exact derivation"",""status"":""observed"",""unit"":""ratio_difference"",""value"":""-1""},{""denominator"":1,""numerator"":0,""source"":""M7 exact derivation"",""status"":""observed"",""unit"":""ratio_difference"",""value"":""0""}]"
M7-analysis-v5,module_B_C:UP,dbb63e68d4ed9e904fa985aa5b88d674205b6caab086a8d981ac8918a9c68fb5,"[""2394b234-0bc9-5e4f-b3e2-b83fed46e68b"",""f9faff59-3259-5804-8713-ca7f4006c343"",""0c44d85c-d8d9-572f-b0cb-1e52983adc6c"",""184b05d2-2f8e-5d0c-89a1-eddf992ccdf9"",""7753dd3d-102a-5383-af77-d7047c6a615f""]","[""2394b234-0bc9-5e4f-b3e2-b83fed46e68b"",""f9faff59-3259-5804-8713-ca7f4006c343"",""0c44d85c-d8d9-572f-b0cb-1e52983adc6c""]","[""2394b234-0bc9-5e4f-b3e2-b83fed46e68b"",""f9faff59-3259-5804-8713-ca7f4006c343"",""0c44d85c-d8d9-572f-b0cb-1e52983adc6c""]","[""2394b234-0bc9-5e4f-b3e2-b83fed46e68b"",""f9faff59-3259-5804-8713-ca7f4006c343"",""0c44d85c-d8d9-572f-b0cb-1e52983adc6c"",""184b05d2-2f8e-5d0c-89a1-eddf992ccdf9"",""7753dd3d-102a-5383-af77-d7047c6a615f""]",24,1,M7 exact derivation,observed,ratio_difference,1/24,6,-1,M7 exact derivation,observed,ratio_difference,-1/6,"[""2394b234-0bc9-5e4f-b3e2-b83fed46e68b"",""f9faff59-3259-5804-8713-ca7f4006c343"",""0c44d85c-d8d9-572f-b0cb-1e52983adc6c"",""184b05d2-2f8e-5d0c-89a1-eddf992ccdf9"",""7753dd3d-102a-5383-af77-d7047c6a615f""]",True,True,"[{""denominator"":8,""numerator"":-1,""source"":""M7 exact derivation"",""status"":""observed"",""unit"":""ratio_difference"",""value"":""-1/8""},{""denominator"":8,""numerator"":-1,""source"":""M7 exact derivation"",""status"":""observed"",""unit"":""ratio_difference"",""value"":""-1/8""},{""denominator"":24,""numerator"":1,""source"":""M7 exact derivation"",""status"":""observed"",""unit"":""ratio_difference"",""value"":""1/24""},{""denominator"":6,""numerator"":-1,""source"":""M7 exact derivation"",""status"":""observed"",""unit"":""ratio_difference"",""value"":""-1/6""},{""denominator"":8,""numerator"":-1,""source"":""M7 exact derivation"",""status"":""observed"",""unit"":""ratio_difference"",""value"":""-1/8""}]",6,1,M7 exact derivation,observed,ratio_difference,1/6,10,-1,M7 exact derivation,observed,ratio_difference,-1/10,1,0,M7 exact derivation,observed,ratio_difference,0,3,-2,M7 exact derivation,observed,ratio_difference,-2/3,5,1,-10,M7 exact derivation,observed,percentage_points,-10,M7 exact derivation,observed,ratio_difference,0.3248931448269654635612804399966533433084,ratio_difference / percentage_points,ratio_difference,"[{""denominator"":1,""numerator"":0,""source"":""M7 exact derivation"",""status"":""observed"",""unit"":""ratio_difference"",""value"":""0""},{""denominator"":1,""numerator"":0,""source"":""M7 exact derivation"",""status"":""observed"",""unit"":""ratio_difference"",""value"":""0""},{""denominator"":3,""numerator"":-2,""source"":""M7 exact derivation"",""status"":""observed"",""unit"":""ratio_difference"",""value"":""-2/3""},{""denominator"":6,""numerator"":1,""source"":""M7 exact derivation"",""status"":""observed"",""unit"":""ratio_difference"",""value"":""1/6""},{""denominator"":1,""numerator"":0,""source"":""M7 exact derivation"",""status"":""observed"",""unit"":""ratio_difference"",""value"":""0""}]"
M7-analysis-v5,module_pairs:BF,dbb63e68d4ed9e904fa985aa5b88d674205b6caab086a8d981ac8918a9c68fb5,"[""2394b234-0bc9-5e4f-b3e2-b83fed46e68b"",""f9faff59-3259-5804-8713-ca7f4006c343"",""0c44d85c-d8d9-572f-b0cb-1e52983adc6c"",""184b05d2-2f8e-5d0c-89a1-eddf992ccdf9"",""7753dd3d-102a-5383-af77-d7047c6a615f""]","[""2394b234-0bc9-5e4f-b3e2-b83fed46e68b"",""f9faff59-3259-5804-8713-ca7f4006c343"",""0c44d85c-d8d9-572f-b0cb-1e52983adc6c""]","[""2394b234-0bc9-5e4f-b3e2-b83fed46e68b"",""f9faff59-3259-5804-8713-ca7f4006c343"",""0c44d85c-d8d9-572f-b0cb-1e52983adc6c""]","[""2394b234-0bc9-5e4f-b3e2-b83fed46e68b"",""f9faff59-3259-5804-8713-ca7f4006c343"",""0c44d85c-d8d9-572f-b0cb-1e52983adc6c"",""184b05d2-2f8e-5d0c-89a1-eddf992ccdf9"",""7753dd3d-102a-5383-af77-d7047c6a615f""]",1,0,M7 exact derivation,observed,ratio_difference,0,1,0,M7 exact derivation,observed,ratio_difference,0,"[""2394b234-0bc9-5e4f-b3e2-b83fed46e68b"",""f9faff59-3259-5804-8713-ca7f4006c343"",""0c44d85c-d8d9-572f-b0cb-1e52983adc6c"",""184b05d2-2f8e-5d0c-89a1-eddf992ccdf9"",""7753dd3d-102a-5383-af77-d7047c6a615f""]",False,False,"[{""denominator"":1,""numerator"":0,""source"":""M7 exact derivation"",""status"":""observed"",""unit"":""ratio_difference"",""value"":""0""},{""denominator"":1,""numerator"":0,""source"":""M7 exact derivation"",""status"":""observed"",""unit"":""ratio_difference"",""value"":""0""},{""denominator"":1,""numerator"":0,""source"":""M7 exact derivation"",""status"":""observed"",""unit"":""ratio_difference"",""value"":""0""},{""denominator"":1,""numerator"":0,""source"":""M7 exact derivation"",""status"":""observed"",""unit"":""ratio_difference"",""value"":""0""},{""denominator"":1,""numerator"":0,""source"":""M7 exact derivation"",""status"":""observed"",""unit"":""ratio_difference"",""value"":""0""}]",1,0,M7 exact derivation,observed,ratio_difference,0,1,0,M7 exact derivation,observed,ratio_difference,0,1,0,M7 exact derivation,observed,ratio_difference,0,1,0,M7 exact derivation,observed,ratio_difference,0,5,1,0,M7 exact derivation,observed,percentage_points,0,M7 exact derivation,observed,ratio_difference,0,ratio_difference / percentage_points,ratio_difference,"[{""denominator"":1,""numerator"":0,""source"":""M7 exact derivation"",""status"":""observed"",""unit"":""ratio_difference"",""value"":""0""},{""denominator"":1,""numerator"":0,""source"":""M7 exact derivation"",""status"":""observed"",""unit"":""ratio_difference"",""value"":""0""},{""denominator"":1,""numerator"":0,""source"":""M7 exact derivation"",""status"":""observed"",""unit"":""ratio_difference"",""value"":""0""},{""denominator"":1,""numerator"":0,""source"":""M7 exact derivation"",""status"":""observed"",""unit"":""ratio_difference"",""value"":""0""},{""denominator"":1,""numerator"":0,""source"":""M7 exact derivation"",""status"":""observed"",""unit"":""ratio_difference"",""value"":""0""}]"
M7-analysis-v5,module_pairs:SQL,dbb63e68d4ed9e904fa985aa5b88d674205b6caab086a8d981ac8918a9c68fb5,"[""2394b234-0bc9-5e4f-b3e2-b83fed46e68b"",""f9faff59-3259-5804-8713-ca7f4006c343"",""0c44d85c-d8d9-572f-b0cb-1e52983adc6c"",""184b05d2-2f8e-5d0c-89a1-eddf992ccdf9"",""7753dd3d-102a-5383-af77-d7047c6a615f""]","[""2394b234-0bc9-5e4f-b3e2-b83fed46e68b"",""f9faff59-3259-5804-8713-ca7f4006c343"",""0c44d85c-d8d9-572f-b0cb-1e52983adc6c""]","[""2394b234-0bc9-5e4f-b3e2-b83fed46e68b"",""f9faff59-3259-5804-8713-ca7f4006c343"",""0c44d85c-d8d9-572f-b0cb-1e52983adc6c""]","[""2394b234-0bc9-5e4f-b3e2-b83fed46e68b"",""f9faff59-3259-5804-8713-ca7f4006c343"",""0c44d85c-d8d9-572f-b0cb-1e52983adc6c"",""184b05d2-2f8e-5d0c-89a1-eddf992ccdf9"",""7753dd3d-102a-5383-af77-d7047c6a615f""]",4,1,M7 exact derivation,observed,ratio_difference,1/4,4,-1,M7 exact derivation,observed,ratio_difference,-1/4,"[""2394b234-0bc9-5e4f-b3e2-b83fed46e68b"",""f9faff59-3259-5804-8713-ca7f4006c343"",""0c44d85c-d8d9-572f-b0cb-1e52983adc6c"",""184b05d2-2f8e-5d0c-89a1-eddf992ccdf9"",""7753dd3d-102a-5383-af77-d7047c6a615f""]",True,True,"[{""denominator"":4,""numerator"":-1,""source"":""M7 exact derivation"",""status"":""observed"",""unit"":""ratio_difference"",""value"":""-1/4""},{""denominator"":1,""numerator"":0,""source"":""M7 exact derivation"",""status"":""observed"",""unit"":""ratio_difference"",""value"":""0""},{""denominator"":1,""numerator"":0,""source"":""M7 exact derivation"",""status"":""observed"",""unit"":""ratio_difference"",""value"":""0""},{""denominator"":4,""numerator"":1,""source"":""M7 exact derivation"",""status"":""observed"",""unit"":""ratio_difference"",""value"":""1/4""},{""denominator"":1,""numerator"":0,""source"":""M7 exact derivation"",""status"":""observed"",""unit"":""ratio_difference"",""value"":""0""}]",1,1,M7 exact derivation,observed,ratio_difference,1,1,0,M7 exact derivation,observed,ratio_difference,0,1,0,M7 exact derivation,observed,ratio_difference,0,1,-1,M7 exact derivation,observed,ratio_difference,-1,5,1,0,M7 exact derivation,observed,percentage_points,0,M7 exact derivation,observed,ratio_difference,0.7071067811865475244008443621048490392848,ratio_difference / percentage_points,ratio_difference,"[{""denominator"":1,""numerator"":1,""source"":""M7 exact derivation"",""status"":""observed"",""unit"":""ratio_difference"",""value"":""1""},{""denominator"":1,""numerator"":0,""source"":""M7 exact derivation"",""status"":""observed"",""unit"":""ratio_difference"",""value"":""0""},{""denominator"":1,""numerator"":0,""source"":""M7 exact derivation"",""status"":""observed"",""unit"":""ratio_difference"",""value"":""0""},{""denominator"":1,""numerator"":-1,""source"":""M7 exact derivation"",""status"":""observed"",""unit"":""ratio_difference"",""value"":""-1""},{""denominator"":1,""numerator"":0,""source"":""M7 exact derivation"",""status"":""observed"",""unit"":""ratio_difference"",""value"":""0""}]"
M7-analysis-v5,module_pairs:UP,dbb63e68d4ed9e904fa985aa5b88d674205b6caab086a8d981ac8918a9c68fb5,"[""2394b234-0bc9-5e4f-b3e2-b83fed46e68b"",""f9faff59-3259-5804-8713-ca7f4006c343"",""0c44d85c-d8d9-572f-b0cb-1e52983adc6c"",""184b05d2-2f8e-5d0c-89a1-eddf992ccdf9"",""7753dd3d-102a-5383-af77-d7047c6a615f""]","[""2394b234-0bc9-5e4f-b3e2-b83fed46e68b"",""f9faff59-3259-5804-8713-ca7f4006c343"",""0c44d85c-d8d9-572f-b0cb-1e52983adc6c""]","[""2394b234-0bc9-5e4f-b3e2-b83fed46e68b"",""f9faff59-3259-5804-8713-ca7f4006c343"",""0c44d85c-d8d9-572f-b0cb-1e52983adc6c""]","[""2394b234-0bc9-5e4f-b3e2-b83fed46e68b"",""f9faff59-3259-5804-8713-ca7f4006c343"",""0c44d85c-d8d9-572f-b0cb-1e52983adc6c"",""184b05d2-2f8e-5d0c-89a1-eddf992ccdf9"",""7753dd3d-102a-5383-af77-d7047c6a615f""]",24,1,M7 exact derivation,observed,ratio_difference,1/24,6,-1,M7 exact derivation,observed,ratio_difference,-1/6,"[""2394b234-0bc9-5e4f-b3e2-b83fed46e68b"",""f9faff59-3259-5804-8713-ca7f4006c343"",""0c44d85c-d8d9-572f-b0cb-1e52983adc6c"",""184b05d2-2f8e-5d0c-89a1-eddf992ccdf9"",""7753dd3d-102a-5383-af77-d7047c6a615f""]",True,True,"[{""denominator"":8,""numerator"":-1,""source"":""M7 exact derivation"",""status"":""observed"",""unit"":""ratio_difference"",""value"":""-1/8""},{""denominator"":8,""numerator"":-1,""source"":""M7 exact derivation"",""status"":""observed"",""unit"":""ratio_difference"",""value"":""-1/8""},{""denominator"":24,""numerator"":1,""source"":""M7 exact derivation"",""status"":""observed"",""unit"":""ratio_difference"",""value"":""1/24""},{""denominator"":6,""numerator"":-1,""source"":""M7 exact derivation"",""status"":""observed"",""unit"":""ratio_difference"",""value"":""-1/6""},{""denominator"":8,""numerator"":-1,""source"":""M7 exact derivation"",""status"":""observed"",""unit"":""ratio_difference"",""value"":""-1/8""}]",6,1,M7 exact derivation,observed,ratio_difference,1/6,10,-1,M7 exact derivation,observed,ratio_difference,-1/10,1,0,M7 exact derivation,observed,ratio_difference,0,3,-2,M7 exact derivation,observed,ratio_difference,-2/3,5,1,-10,M7 exact derivation,observed,percentage_points,-10,M7 exact derivation,observed,ratio_difference,0.3248931448269654635612804399966533433084,ratio_difference / percentage_points,ratio_difference,"[{""denominator"":1,""numerator"":0,""source"":""M7 exact derivation"",""status"":""observed"",""unit"":""ratio_difference"",""value"":""0""},{""denominator"":1,""numerator"":0,""source"":""M7 exact derivation"",""status"":""observed"",""unit"":""ratio_difference"",""value"":""0""},{""denominator"":3,""numerator"":-2,""source"":""M7 exact derivation"",""status"":""observed"",""unit"":""ratio_difference"",""value"":""-2/3""},{""denominator"":6,""numerator"":1,""source"":""M7 exact derivation"",""status"":""observed"",""unit"":""ratio_difference"",""value"":""1/6""},{""denominator"":1,""numerator"":0,""source"":""M7 exact derivation"",""status"":""observed"",""unit"":""ratio_difference"",""value"":""0""}]"
