analysis_version,block_id,block_index,candidate_hash,cell_key,data_hash,denominator_sets.cells.C-SQL-1.missing_ids,denominator_sets.cells.C-SQL-1.observed_ids,denominator_sets.cells.C-SQL-1.planned_ids,denominator_sets.cells.E-AB.missing_ids,denominator_sets.cells.E-AB.observed_ids,denominator_sets.cells.E-AB.planned_ids,denominator_sets.cells.E-BA.missing_ids,denominator_sets.cells.E-BA.observed_ids,denominator_sets.cells.E-BA.planned_ids,denominator_sets.cells.E-BB.missing_ids,denominator_sets.cells.E-BB.observed_ids,denominator_sets.cells.E-BB.planned_ids,denominator_sets.complete_quartet_block_ids,denominator_sets.planned_B_E,display_x,in_complete_quartet,metric,planned_id,run_id,table_unit,value
M7-analysis-v5,2394b234-0bc9-5e4f-b3e2-b83fed46e68b,1,24d26c51c32d9d069e0f68dab3c127eac8f1396112f5cbbbbecc9384af7c0a0e,E-BB,dbb63e68d4ed9e904fa985aa5b88d674205b6caab086a8d981ac8918a9c68fb5,[],"[""022ddff9-4332-5ba5-b884-42537f220a0c"",""616ecfda-7163-5a8d-ba60-01f623d8b124"",""8b3ec7b0-123f-5597-95f7-1fafc5810d01""]","[""022ddff9-4332-5ba5-b884-42537f220a0c"",""616ecfda-7163-5a8d-ba60-01f623d8b124"",""8b3ec7b0-123f-5597-95f7-1fafc5810d01""]",[],"[""4afc763c-033e-501c-9c9c-453207d31e62"",""aa66f5e3-ac0e-57d6-9b69-aa54ea7c4fb9"",""2e126757-f17e-5ee2-93db-94d31ed944b2""]","[""4afc763c-033e-501c-9c9c-453207d31e62"",""aa66f5e3-ac0e-57d6-9b69-aa54ea7c4fb9"",""2e126757-f17e-5ee2-93db-94d31ed944b2""]",[],"[""76216ff6-0dab-5f43-913f-741c2deb7596"",""d07b7490-853e-562b-b662-305e89e7718d"",""a3a03b99-34c0-504b-b529-32b798db318a""]","[""76216ff6-0dab-5f43-913f-741c2deb7596"",""d07b7490-853e-562b-b662-305e89e7718d"",""a3a03b99-34c0-504b-b529-32b798db318a""]",[],"[""b9ac296e-4c6c-5cdc-9e03-14868c124af2"",""e97a5398-37b9-5e89-91a9-9b3ae48d9534"",""035c5442-19b8-5a84-8a59-b352a9660279""]","[""b9ac296e-4c6c-5cdc-9e03-14868c124af2"",""e97a5398-37b9-5e89-91a9-9b3ae48d9534"",""035c5442-19b8-5a84-8a59-b352a9660279""]","[""2394b234-0bc9-5e4f-b3e2-b83fed46e68b"",""f9faff59-3259-5804-8713-ca7f4006c343"",""0c44d85c-d8d9-572f-b0cb-1e52983adc6c""]","[""2394b234-0bc9-5e4f-b3e2-b83fed46e68b"",""f9faff59-3259-5804-8713-ca7f4006c343"",""0c44d85c-d8d9-572f-b0cb-1e52983adc6c""]",2.93,True,F,b9ac296e-4c6c-5cdc-9e03-14868c124af2,1a969ddc-bdb7-406c-b5e7-fcbe76d7ef77,ratio,1
M7-analysis-v5,2394b234-0bc9-5e4f-b3e2-b83fed46e68b,1,3f84b747bd1f85e0ca02784596b28635a58f099d2280c11d6a58a2a96314c85f,E-AB,dbb63e68d4ed9e904fa985aa5b88d674205b6caab086a8d981ac8918a9c68fb5,[],"[""022ddff9-4332-5ba5-b884-42537f220a0c"",""616ecfda-7163-5a8d-ba60-01f623d8b124"",""8b3ec7b0-123f-5597-95f7-1fafc5810d01""]","[""022ddff9-4332-5ba5-b884-42537f220a0c"",""616ecfda-7163-5a8d-ba60-01f623d8b124"",""8b3ec7b0-123f-5597-95f7-1fafc5810d01""]",[],"[""4afc763c-033e-501c-9c9c-453207d31e62"",""aa66f5e3-ac0e-57d6-9b69-aa54ea7c4fb9"",""2e126757-f17e-5ee2-93db-94d31ed944b2""]","[""4afc763c-033e-501c-9c9c-453207d31e62"",""aa66f5e3-ac0e-57d6-9b69-aa54ea7c4fb9"",""2e126757-f17e-5ee2-93db-94d31ed944b2""]",[],"[""76216ff6-0dab-5f43-913f-741c2deb7596"",""d07b7490-853e-562b-b662-305e89e7718d"",""a3a03b99-34c0-504b-b529-32b798db318a""]","[""76216ff6-0dab-5f43-913f-741c2deb7596"",""d07b7490-853e-562b-b662-305e89e7718d"",""a3a03b99-34c0-504b-b529-32b798db318a""]",[],"[""b9ac296e-4c6c-5cdc-9e03-14868c124af2"",""e97a5398-37b9-5e89-91a9-9b3ae48d9534"",""035c5442-19b8-5a84-8a59-b352a9660279""]","[""b9ac296e-4c6c-5cdc-9e03-14868c124af2"",""e97a5398-37b9-5e89-91a9-9b3ae48d9534"",""035c5442-19b8-5a84-8a59-b352a9660279""]","[""2394b234-0bc9-5e4f-b3e2-b83fed46e68b"",""f9faff59-3259-5804-8713-ca7f4006c343"",""0c44d85c-d8d9-572f-b0cb-1e52983adc6c""]","[""2394b234-0bc9-5e4f-b3e2-b83fed46e68b"",""f9faff59-3259-5804-8713-ca7f4006c343"",""0c44d85c-d8d9-572f-b0cb-1e52983adc6c""]",0.9299999999999999,True,F,4afc763c-033e-501c-9c9c-453207d31e62,e10cc3d4-0100-4121-8706-3222fbbbac9d,ratio,1
M7-analysis-v5,2394b234-0bc9-5e4f-b3e2-b83fed46e68b,1,41b0225438818b95d9f194005fa9c3dd9f10fce188f280bdfe6b26e06aa2975e,E-BA,dbb63e68d4ed9e904fa985aa5b88d674205b6caab086a8d981ac8918a9c68fb5,[],"[""022ddff9-4332-5ba5-b884-42537f220a0c"",""616ecfda-7163-5a8d-ba60-01f623d8b124"",""8b3ec7b0-123f-5597-95f7-1fafc5810d01""]","[""022ddff9-4332-5ba5-b884-42537f220a0c"",""616ecfda-7163-5a8d-ba60-01f623d8b124"",""8b3ec7b0-123f-5597-95f7-1fafc5810d01""]",[],"[""4afc763c-033e-501c-9c9c-453207d31e62"",""aa66f5e3-ac0e-57d6-9b69-aa54ea7c4fb9"",""2e126757-f17e-5ee2-93db-94d31ed944b2""]","[""4afc763c-033e-501c-9c9c-453207d31e62"",""aa66f5e3-ac0e-57d6-9b69-aa54ea7c4fb9"",""2e126757-f17e-5ee2-93db-94d31ed944b2""]",[],"[""76216ff6-0dab-5f43-913f-741c2deb7596"",""d07b7490-853e-562b-b662-305e89e7718d"",""a3a03b99-34c0-504b-b529-32b798db318a""]","[""76216ff6-0dab-5f43-913f-741c2deb7596"",""d07b7490-853e-562b-b662-305e89e7718d"",""a3a03b99-34c0-504b-b529-32b798db318a""]",[],"[""b9ac296e-4c6c-5cdc-9e03-14868c124af2"",""e97a5398-37b9-5e89-91a9-9b3ae48d9534"",""035c5442-19b8-5a84-8a59-b352a9660279""]","[""b9ac296e-4c6c-5cdc-9e03-14868c124af2"",""e97a5398-37b9-5e89-91a9-9b3ae48d9534"",""035c5442-19b8-5a84-8a59-b352a9660279""]","[""2394b234-0bc9-5e4f-b3e2-b83fed46e68b"",""f9faff59-3259-5804-8713-ca7f4006c343"",""0c44d85c-d8d9-572f-b0cb-1e52983adc6c""]","[""2394b234-0bc9-5e4f-b3e2-b83fed46e68b"",""f9faff59-3259-5804-8713-ca7f4006c343"",""0c44d85c-d8d9-572f-b0cb-1e52983adc6c""]",1.93,True,F,76216ff6-0dab-5f43-913f-741c2deb7596,bc4d0829-3e3e-4e7a-8e68-8053af270847,ratio,1
M7-analysis-v5,2394b234-0bc9-5e4f-b3e2-b83fed46e68b,1,d209b611d531fdc1b61ed8a2e01309ae3145d8b93453a46e7586c90514390c53,C-SQL-1,dbb63e68d4ed9e904fa985aa5b88d674205b6caab086a8d981ac8918a9c68fb5,[],"[""022ddff9-4332-5ba5-b884-42537f220a0c"",""616ecfda-7163-5a8d-ba60-01f623d8b124"",""8b3ec7b0-123f-5597-95f7-1fafc5810d01""]","[""022ddff9-4332-5ba5-b884-42537f220a0c"",""616ecfda-7163-5a8d-ba60-01f623d8b124"",""8b3ec7b0-123f-5597-95f7-1fafc5810d01""]",[],"[""4afc763c-033e-501c-9c9c-453207d31e62"",""aa66f5e3-ac0e-57d6-9b69-aa54ea7c4fb9"",""2e126757-f17e-5ee2-93db-94d31ed944b2""]","[""4afc763c-033e-501c-9c9c-453207d31e62"",""aa66f5e3-ac0e-57d6-9b69-aa54ea7c4fb9"",""2e126757-f17e-5ee2-93db-94d31ed944b2""]",[],"[""76216ff6-0dab-5f43-913f-741c2deb7596"",""d07b7490-853e-562b-b662-305e89e7718d"",""a3a03b99-34c0-504b-b529-32b798db318a""]","[""76216ff6-0dab-5f43-913f-741c2deb7596"",""d07b7490-853e-562b-b662-305e89e7718d"",""a3a03b99-34c0-504b-b529-32b798db318a""]",[],"[""b9ac296e-4c6c-5cdc-9e03-14868c124af2"",""e97a5398-37b9-5e89-91a9-9b3ae48d9534"",""035c5442-19b8-5a84-8a59-b352a9660279""]","[""b9ac296e-4c6c-5cdc-9e03-14868c124af2"",""e97a5398-37b9-5e89-91a9-9b3ae48d9534"",""035c5442-19b8-5a84-8a59-b352a9660279""]","[""2394b234-0bc9-5e4f-b3e2-b83fed46e68b"",""f9faff59-3259-5804-8713-ca7f4006c343"",""0c44d85c-d8d9-572f-b0cb-1e52983adc6c""]","[""2394b234-0bc9-5e4f-b3e2-b83fed46e68b"",""f9faff59-3259-5804-8713-ca7f4006c343"",""0c44d85c-d8d9-572f-b0cb-1e52983adc6c""]",-0.07,True,F,022ddff9-4332-5ba5-b884-42537f220a0c,a2d1e4bd-ae41-4f2b-8b92-9416f7ffb783,ratio,1
M7-analysis-v5,f9faff59-3259-5804-8713-ca7f4006c343,2,12a588a973e24157d490acab23e57ec685cde24dfc7dc6390638cd1317a9a8cc,C-SQL-1,dbb63e68d4ed9e904fa985aa5b88d674205b6caab086a8d981ac8918a9c68fb5,[],"[""022ddff9-4332-5ba5-b884-42537f220a0c"",""616ecfda-7163-5a8d-ba60-01f623d8b124"",""8b3ec7b0-123f-5597-95f7-1fafc5810d01""]","[""022ddff9-4332-5ba5-b884-42537f220a0c"",""616ecfda-7163-5a8d-ba60-01f623d8b124"",""8b3ec7b0-123f-5597-95f7-1fafc5810d01""]",[],"[""4afc763c-033e-501c-9c9c-453207d31e62"",""aa66f5e3-ac0e-57d6-9b69-aa54ea7c4fb9"",""2e126757-f17e-5ee2-93db-94d31ed944b2""]","[""4afc763c-033e-501c-9c9c-453207d31e62"",""aa66f5e3-ac0e-57d6-9b69-aa54ea7c4fb9"",""2e126757-f17e-5ee2-93db-94d31ed944b2""]",[],"[""76216ff6-0dab-5f43-913f-741c2deb7596"",""d07b7490-853e-562b-b662-305e89e7718d"",""a3a03b99-34c0-504b-b529-32b798db318a""]","[""76216ff6-0dab-5f43-913f-741c2deb7596"",""d07b7490-853e-562b-b662-305e89e7718d"",""a3a03b99-34c0-504b-b529-32b798db318a""]",[],"[""b9ac296e-4c6c-5cdc-9e03-14868c124af2"",""e97a5398-37b9-5e89-91a9-9b3ae48d9534"",""035c5442-19b8-5a84-8a59-b352a9660279""]","[""b9ac296e-4c6c-5cdc-9e03-14868c124af2"",""e97a5398-37b9-5e89-91a9-9b3ae48d9534"",""035c5442-19b8-5a84-8a59-b352a9660279""]","[""2394b234-0bc9-5e4f-b3e2-b83fed46e68b"",""f9faff59-3259-5804-8713-ca7f4006c343"",""0c44d85c-d8d9-572f-b0cb-1e52983adc6c""]","[""2394b234-0bc9-5e4f-b3e2-b83fed46e68b"",""f9faff59-3259-5804-8713-ca7f4006c343"",""0c44d85c-d8d9-572f-b0cb-1e52983adc6c""]",0.0,True,F,616ecfda-7163-5a8d-ba60-01f623d8b124,6c45fdb5-7960-4501-8cf4-04e09f4bcb87,ratio,1
M7-analysis-v5,f9faff59-3259-5804-8713-ca7f4006c343,2,30c1abb1b39a58430186f9d9c81a325dfe23c5d98a16b28399bbf49d47ccf324,E-BB,dbb63e68d4ed9e904fa985aa5b88d674205b6caab086a8d981ac8918a9c68fb5,[],"[""022ddff9-4332-5ba5-b884-42537f220a0c"",""616ecfda-7163-5a8d-ba60-01f623d8b124"",""8b3ec7b0-123f-5597-95f7-1fafc5810d01""]","[""022ddff9-4332-5ba5-b884-42537f220a0c"",""616ecfda-7163-5a8d-ba60-01f623d8b124"",""8b3ec7b0-123f-5597-95f7-1fafc5810d01""]",[],"[""4afc763c-033e-501c-9c9c-453207d31e62"",""aa66f5e3-ac0e-57d6-9b69-aa54ea7c4fb9"",""2e126757-f17e-5ee2-93db-94d31ed944b2""]","[""4afc763c-033e-501c-9c9c-453207d31e62"",""aa66f5e3-ac0e-57d6-9b69-aa54ea7c4fb9"",""2e126757-f17e-5ee2-93db-94d31ed944b2""]",[],"[""76216ff6-0dab-5f43-913f-741c2deb7596"",""d07b7490-853e-562b-b662-305e89e7718d"",""a3a03b99-34c0-504b-b529-32b798db318a""]","[""76216ff6-0dab-5f43-913f-741c2deb7596"",""d07b7490-853e-562b-b662-305e89e7718d"",""a3a03b99-34c0-504b-b529-32b798db318a""]",[],"[""b9ac296e-4c6c-5cdc-9e03-14868c124af2"",""e97a5398-37b9-5e89-91a9-9b3ae48d9534"",""035c5442-19b8-5a84-8a59-b352a9660279""]","[""b9ac296e-4c6c-5cdc-9e03-14868c124af2"",""e97a5398-37b9-5e89-91a9-9b3ae48d9534"",""035c5442-19b8-5a84-8a59-b352a9660279""]","[""2394b234-0bc9-5e4f-b3e2-b83fed46e68b"",""f9faff59-3259-5804-8713-ca7f4006c343"",""0c44d85c-d8d9-572f-b0cb-1e52983adc6c""]","[""2394b234-0bc9-5e4f-b3e2-b83fed46e68b"",""f9faff59-3259-5804-8713-ca7f4006c343"",""0c44d85c-d8d9-572f-b0cb-1e52983adc6c""]",3.0,True,F,e97a5398-37b9-5e89-91a9-9b3ae48d9534,153aa1fb-14af-4083-8e7d-bbf3a354f6c8,ratio,1
M7-analysis-v5,f9faff59-3259-5804-8713-ca7f4006c343,2,689ba53542ae9dfc85b71c6f87b5b35519c0726d569ce67be8c8eadd4eb15b3b,E-AB,dbb63e68d4ed9e904fa985aa5b88d674205b6caab086a8d981ac8918a9c68fb5,[],"[""022ddff9-4332-5ba5-b884-42537f220a0c"",""616ecfda-7163-5a8d-ba60-01f623d8b124"",""8b3ec7b0-123f-5597-95f7-1fafc5810d01""]","[""022ddff9-4332-5ba5-b884-42537f220a0c"",""616ecfda-7163-5a8d-ba60-01f623d8b124"",""8b3ec7b0-123f-5597-95f7-1fafc5810d01""]",[],"[""4afc763c-033e-501c-9c9c-453207d31e62"",""aa66f5e3-ac0e-57d6-9b69-aa54ea7c4fb9"",""2e126757-f17e-5ee2-93db-94d31ed944b2""]","[""4afc763c-033e-501c-9c9c-453207d31e62"",""aa66f5e3-ac0e-57d6-9b69-aa54ea7c4fb9"",""2e126757-f17e-5ee2-93db-94d31ed944b2""]",[],"[""76216ff6-0dab-5f43-913f-741c2deb7596"",""d07b7490-853e-562b-b662-305e89e7718d"",""a3a03b99-34c0-504b-b529-32b798db318a""]","[""76216ff6-0dab-5f43-913f-741c2deb7596"",""d07b7490-853e-562b-b662-305e89e7718d"",""a3a03b99-34c0-504b-b529-32b798db318a""]",[],"[""b9ac296e-4c6c-5cdc-9e03-14868c124af2"",""e97a5398-37b9-5e89-91a9-9b3ae48d9534"",""035c5442-19b8-5a84-8a59-b352a9660279""]","[""b9ac296e-4c6c-5cdc-9e03-14868c124af2"",""e97a5398-37b9-5e89-91a9-9b3ae48d9534"",""035c5442-19b8-5a84-8a59-b352a9660279""]","[""2394b234-0bc9-5e4f-b3e2-b83fed46e68b"",""f9faff59-3259-5804-8713-ca7f4006c343"",""0c44d85c-d8d9-572f-b0cb-1e52983adc6c""]","[""2394b234-0bc9-5e4f-b3e2-b83fed46e68b"",""f9faff59-3259-5804-8713-ca7f4006c343"",""0c44d85c-d8d9-572f-b0cb-1e52983adc6c""]",1.0,True,F,aa66f5e3-ac0e-57d6-9b69-aa54ea7c4fb9,45b5c191-572f-41e1-9a62-6da4ab5295c7,ratio,1
M7-analysis-v5,f9faff59-3259-5804-8713-ca7f4006c343,2,c2ae86ee09cf1df8b2844bc92fba16af9688fb72d9e444914a158477a66877b8,E-BA,dbb63e68d4ed9e904fa985aa5b88d674205b6caab086a8d981ac8918a9c68fb5,[],"[""022ddff9-4332-5ba5-b884-42537f220a0c"",""616ecfda-7163-5a8d-ba60-01f623d8b124"",""8b3ec7b0-123f-5597-95f7-1fafc5810d01""]","[""022ddff9-4332-5ba5-b884-42537f220a0c"",""616ecfda-7163-5a8d-ba60-01f623d8b124"",""8b3ec7b0-123f-5597-95f7-1fafc5810d01""]",[],"[""4afc763c-033e-501c-9c9c-453207d31e62"",""aa66f5e3-ac0e-57d6-9b69-aa54ea7c4fb9"",""2e126757-f17e-5ee2-93db-94d31ed944b2""]","[""4afc763c-033e-501c-9c9c-453207d31e62"",""aa66f5e3-ac0e-57d6-9b69-aa54ea7c4fb9"",""2e126757-f17e-5ee2-93db-94d31ed944b2""]",[],"[""76216ff6-0dab-5f43-913f-741c2deb7596"",""d07b7490-853e-562b-b662-305e89e7718d"",""a3a03b99-34c0-504b-b529-32b798db318a""]","[""76216ff6-0dab-5f43-913f-741c2deb7596"",""d07b7490-853e-562b-b662-305e89e7718d"",""a3a03b99-34c0-504b-b529-32b798db318a""]",[],"[""b9ac296e-4c6c-5cdc-9e03-14868c124af2"",""e97a5398-37b9-5e89-91a9-9b3ae48d9534"",""035c5442-19b8-5a84-8a59-b352a9660279""]","[""b9ac296e-4c6c-5cdc-9e03-14868c124af2"",""e97a5398-37b9-5e89-91a9-9b3ae48d9534"",""035c5442-19b8-5a84-8a59-b352a9660279""]","[""2394b234-0bc9-5e4f-b3e2-b83fed46e68b"",""f9faff59-3259-5804-8713-ca7f4006c343"",""0c44d85c-d8d9-572f-b0cb-1e52983adc6c""]","[""2394b234-0bc9-5e4f-b3e2-b83fed46e68b"",""f9faff59-3259-5804-8713-ca7f4006c343"",""0c44d85c-d8d9-572f-b0cb-1e52983adc6c""]",2.0,True,F,d07b7490-853e-562b-b662-305e89e7718d,9f907633-e873-4994-a488-fbac89398069,ratio,1/3
M7-analysis-v5,0c44d85c-d8d9-572f-b0cb-1e52983adc6c,3,30ec3a4367a06009151d9059514c4757403bfd6edf6efc78c899b6a5e7e6e751,E-AB,dbb63e68d4ed9e904fa985aa5b88d674205b6caab086a8d981ac8918a9c68fb5,[],"[""022ddff9-4332-5ba5-b884-42537f220a0c"",""616ecfda-7163-5a8d-ba60-01f623d8b124"",""8b3ec7b0-123f-5597-95f7-1fafc5810d01""]","[""022ddff9-4332-5ba5-b884-42537f220a0c"",""616ecfda-7163-5a8d-ba60-01f623d8b124"",""8b3ec7b0-123f-5597-95f7-1fafc5810d01""]",[],"[""4afc763c-033e-501c-9c9c-453207d31e62"",""aa66f5e3-ac0e-57d6-9b69-aa54ea7c4fb9"",""2e126757-f17e-5ee2-93db-94d31ed944b2""]","[""4afc763c-033e-501c-9c9c-453207d31e62"",""aa66f5e3-ac0e-57d6-9b69-aa54ea7c4fb9"",""2e126757-f17e-5ee2-93db-94d31ed944b2""]",[],"[""76216ff6-0dab-5f43-913f-741c2deb7596"",""d07b7490-853e-562b-b662-305e89e7718d"",""a3a03b99-34c0-504b-b529-32b798db318a""]","[""76216ff6-0dab-5f43-913f-741c2deb7596"",""d07b7490-853e-562b-b662-305e89e7718d"",""a3a03b99-34c0-504b-b529-32b798db318a""]",[],"[""b9ac296e-4c6c-5cdc-9e03-14868c124af2"",""e97a5398-37b9-5e89-91a9-9b3ae48d9534"",""035c5442-19b8-5a84-8a59-b352a9660279""]","[""b9ac296e-4c6c-5cdc-9e03-14868c124af2"",""e97a5398-37b9-5e89-91a9-9b3ae48d9534"",""035c5442-19b8-5a84-8a59-b352a9660279""]","[""2394b234-0bc9-5e4f-b3e2-b83fed46e68b"",""f9faff59-3259-5804-8713-ca7f4006c343"",""0c44d85c-d8d9-572f-b0cb-1e52983adc6c""]","[""2394b234-0bc9-5e4f-b3e2-b83fed46e68b"",""f9faff59-3259-5804-8713-ca7f4006c343"",""0c44d85c-d8d9-572f-b0cb-1e52983adc6c""]",1.07,True,F,2e126757-f17e-5ee2-93db-94d31ed944b2,0632a29b-5323-438e-b5d0-c2937d420d5d,ratio,1
M7-analysis-v5,0c44d85c-d8d9-572f-b0cb-1e52983adc6c,3,5b543ea7abc08ec54717d24b23b424f4c9147a8e7c70489cdbcf04fdfbfdd696,C-SQL-1,dbb63e68d4ed9e904fa985aa5b88d674205b6caab086a8d981ac8918a9c68fb5,[],"[""022ddff9-4332-5ba5-b884-42537f220a0c"",""616ecfda-7163-5a8d-ba60-01f623d8b124"",""8b3ec7b0-123f-5597-95f7-1fafc5810d01""]","[""022ddff9-4332-5ba5-b884-42537f220a0c"",""616ecfda-7163-5a8d-ba60-01f623d8b124"",""8b3ec7b0-123f-5597-95f7-1fafc5810d01""]",[],"[""4afc763c-033e-501c-9c9c-453207d31e62"",""aa66f5e3-ac0e-57d6-9b69-aa54ea7c4fb9"",""2e126757-f17e-5ee2-93db-94d31ed944b2""]","[""4afc763c-033e-501c-9c9c-453207d31e62"",""aa66f5e3-ac0e-57d6-9b69-aa54ea7c4fb9"",""2e126757-f17e-5ee2-93db-94d31ed944b2""]",[],"[""76216ff6-0dab-5f43-913f-741c2deb7596"",""d07b7490-853e-562b-b662-305e89e7718d"",""a3a03b99-34c0-504b-b529-32b798db318a""]","[""76216ff6-0dab-5f43-913f-741c2deb7596"",""d07b7490-853e-562b-b662-305e89e7718d"",""a3a03b99-34c0-504b-b529-32b798db318a""]",[],"[""b9ac296e-4c6c-5cdc-9e03-14868c124af2"",""e97a5398-37b9-5e89-91a9-9b3ae48d9534"",""035c5442-19b8-5a84-8a59-b352a9660279""]","[""b9ac296e-4c6c-5cdc-9e03-14868c124af2"",""e97a5398-37b9-5e89-91a9-9b3ae48d9534"",""035c5442-19b8-5a84-8a59-b352a9660279""]","[""2394b234-0bc9-5e4f-b3e2-b83fed46e68b"",""f9faff59-3259-5804-8713-ca7f4006c343"",""0c44d85c-d8d9-572f-b0cb-1e52983adc6c""]","[""2394b234-0bc9-5e4f-b3e2-b83fed46e68b"",""f9faff59-3259-5804-8713-ca7f4006c343"",""0c44d85c-d8d9-572f-b0cb-1e52983adc6c""]",0.07,True,F,8b3ec7b0-123f-5597-95f7-1fafc5810d01,0cc540ca-a9db-4a2a-982e-99e203d674e1,ratio,1
M7-analysis-v5,0c44d85c-d8d9-572f-b0cb-1e52983adc6c,3,5f187b71962c8fc43f0c431196239ba2c422245270ebb8b46072e8c1312dd8ca,E-BA,dbb63e68d4ed9e904fa985aa5b88d674205b6caab086a8d981ac8918a9c68fb5,[],"[""022ddff9-4332-5ba5-b884-42537f220a0c"",""616ecfda-7163-5a8d-ba60-01f623d8b124"",""8b3ec7b0-123f-5597-95f7-1fafc5810d01""]","[""022ddff9-4332-5ba5-b884-42537f220a0c"",""616ecfda-7163-5a8d-ba60-01f623d8b124"",""8b3ec7b0-123f-5597-95f7-1fafc5810d01""]",[],"[""4afc763c-033e-501c-9c9c-453207d31e62"",""aa66f5e3-ac0e-57d6-9b69-aa54ea7c4fb9"",""2e126757-f17e-5ee2-93db-94d31ed944b2""]","[""4afc763c-033e-501c-9c9c-453207d31e62"",""aa66f5e3-ac0e-57d6-9b69-aa54ea7c4fb9"",""2e126757-f17e-5ee2-93db-94d31ed944b2""]",[],"[""76216ff6-0dab-5f43-913f-741c2deb7596"",""d07b7490-853e-562b-b662-305e89e7718d"",""a3a03b99-34c0-504b-b529-32b798db318a""]","[""76216ff6-0dab-5f43-913f-741c2deb7596"",""d07b7490-853e-562b-b662-305e89e7718d"",""a3a03b99-34c0-504b-b529-32b798db318a""]",[],"[""b9ac296e-4c6c-5cdc-9e03-14868c124af2"",""e97a5398-37b9-5e89-91a9-9b3ae48d9534"",""035c5442-19b8-5a84-8a59-b352a9660279""]","[""b9ac296e-4c6c-5cdc-9e03-14868c124af2"",""e97a5398-37b9-5e89-91a9-9b3ae48d9534"",""035c5442-19b8-5a84-8a59-b352a9660279""]","[""2394b234-0bc9-5e4f-b3e2-b83fed46e68b"",""f9faff59-3259-5804-8713-ca7f4006c343"",""0c44d85c-d8d9-572f-b0cb-1e52983adc6c""]","[""2394b234-0bc9-5e4f-b3e2-b83fed46e68b"",""f9faff59-3259-5804-8713-ca7f4006c343"",""0c44d85c-d8d9-572f-b0cb-1e52983adc6c""]",2.07,True,F,a3a03b99-34c0-504b-b529-32b798db318a,edc938ec-9bf1-48cf-8cef-6f6a5b20ad29,ratio,1
M7-analysis-v5,0c44d85c-d8d9-572f-b0cb-1e52983adc6c,3,6911cdc858aa79c2c07111aa648bb7962d234961be7ce229045171034d4c13b9,E-BB,dbb63e68d4ed9e904fa985aa5b88d674205b6caab086a8d981ac8918a9c68fb5,[],"[""022ddff9-4332-5ba5-b884-42537f220a0c"",""616ecfda-7163-5a8d-ba60-01f623d8b124"",""8b3ec7b0-123f-5597-95f7-1fafc5810d01""]","[""022ddff9-4332-5ba5-b884-42537f220a0c"",""616ecfda-7163-5a8d-ba60-01f623d8b124"",""8b3ec7b0-123f-5597-95f7-1fafc5810d01""]",[],"[""4afc763c-033e-501c-9c9c-453207d31e62"",""aa66f5e3-ac0e-57d6-9b69-aa54ea7c4fb9"",""2e126757-f17e-5ee2-93db-94d31ed944b2""]","[""4afc763c-033e-501c-9c9c-453207d31e62"",""aa66f5e3-ac0e-57d6-9b69-aa54ea7c4fb9"",""2e126757-f17e-5ee2-93db-94d31ed944b2""]",[],"[""76216ff6-0dab-5f43-913f-741c2deb7596"",""d07b7490-853e-562b-b662-305e89e7718d"",""a3a03b99-34c0-504b-b529-32b798db318a""]","[""76216ff6-0dab-5f43-913f-741c2deb7596"",""d07b7490-853e-562b-b662-305e89e7718d"",""a3a03b99-34c0-504b-b529-32b798db318a""]",[],"[""b9ac296e-4c6c-5cdc-9e03-14868c124af2"",""e97a5398-37b9-5e89-91a9-9b3ae48d9534"",""035c5442-19b8-5a84-8a59-b352a9660279""]","[""b9ac296e-4c6c-5cdc-9e03-14868c124af2"",""e97a5398-37b9-5e89-91a9-9b3ae48d9534"",""035c5442-19b8-5a84-8a59-b352a9660279""]","[""2394b234-0bc9-5e4f-b3e2-b83fed46e68b"",""f9faff59-3259-5804-8713-ca7f4006c343"",""0c44d85c-d8d9-572f-b0cb-1e52983adc6c""]","[""2394b234-0bc9-5e4f-b3e2-b83fed46e68b"",""f9faff59-3259-5804-8713-ca7f4006c343"",""0c44d85c-d8d9-572f-b0cb-1e52983adc6c""]",3.07,True,F,035c5442-19b8-5a84-8a59-b352a9660279,ce40a18c-aa8e-40fc-9d13-83adabe5993f,ratio,1
