analysis_version,block_id,block_index,candidate_hash,cell_key,configuration_hash,configuration_id,data_hash,denominator_sets.quartets.bounded_missing_planned_ids,denominator_sets.quartets.omitted_planned_ids,denominator_sets.quartets.planned_ids,denominator_sets.quartets.used_planned_ids,denominator_sets.values:C-SQL-1.bounded_missing_planned_ids,denominator_sets.values:C-SQL-1.omitted_planned_ids,denominator_sets.values:C-SQL-1.planned_ids,denominator_sets.values:C-SQL-1.used_planned_ids,denominator_sets.values:E-AB.bounded_missing_planned_ids,denominator_sets.values:E-AB.omitted_planned_ids,denominator_sets.values:E-AB.planned_ids,denominator_sets.values:E-AB.used_planned_ids,denominator_sets.values:E-BA.bounded_missing_planned_ids,denominator_sets.values:E-BA.omitted_planned_ids,denominator_sets.values:E-BA.planned_ids,denominator_sets.values:E-BA.used_planned_ids,denominator_sets.values:E-BB.bounded_missing_planned_ids,denominator_sets.values:E-BB.omitted_planned_ids,denominator_sets.values:E-BB.planned_ids,denominator_sets.values:E-BB.used_planned_ids,group_key,group_label,group_observation_count,group_observation_unit,group_planned_run_count,group_used_run_count,planned_id,position,role,run_id,status,table_unit,used_as_observation
M7-analysis-v5,2394b234-0bc9-5e4f-b3e2-b83fed46e68b,1,3f84b747bd1f85e0ca02784596b28635a58f099d2280c11d6a58a2a96314c85f,E-AB,e1ea2ccf80fbb81f94b29b70bdd06508e2b9419500b1ca0ecfd5317a4540e358,37d46947-813a-4296-a328-81c505b1dba7,dbb63e68d4ed9e904fa985aa5b88d674205b6caab086a8d981ac8918a9c68fb5,[],[],"[""4afc763c-033e-501c-9c9c-453207d31e62"",""76216ff6-0dab-5f43-913f-741c2deb7596"",""b9ac296e-4c6c-5cdc-9e03-14868c124af2"",""022ddff9-4332-5ba5-b884-42537f220a0c"",""616ecfda-7163-5a8d-ba60-01f623d8b124"",""e97a5398-37b9-5e89-91a9-9b3ae48d9534"",""aa66f5e3-ac0e-57d6-9b69-aa54ea7c4fb9"",""d07b7490-853e-562b-b662-305e89e7718d"",""2e126757-f17e-5ee2-93db-94d31ed944b2"",""a3a03b99-34c0-504b-b529-32b798db318a"",""8b3ec7b0-123f-5597-95f7-1fafc5810d01"",""035c5442-19b8-5a84-8a59-b352a9660279""]","[""4afc763c-033e-501c-9c9c-453207d31e62"",""76216ff6-0dab-5f43-913f-741c2deb7596"",""b9ac296e-4c6c-5cdc-9e03-14868c124af2"",""022ddff9-4332-5ba5-b884-42537f220a0c"",""616ecfda-7163-5a8d-ba60-01f623d8b124"",""e97a5398-37b9-5e89-91a9-9b3ae48d9534"",""aa66f5e3-ac0e-57d6-9b69-aa54ea7c4fb9"",""d07b7490-853e-562b-b662-305e89e7718d"",""2e126757-f17e-5ee2-93db-94d31ed944b2"",""a3a03b99-34c0-504b-b529-32b798db318a"",""8b3ec7b0-123f-5597-95f7-1fafc5810d01"",""035c5442-19b8-5a84-8a59-b352a9660279""]",[],[],"[""022ddff9-4332-5ba5-b884-42537f220a0c"",""616ecfda-7163-5a8d-ba60-01f623d8b124"",""8b3ec7b0-123f-5597-95f7-1fafc5810d01""]","[""022ddff9-4332-5ba5-b884-42537f220a0c"",""616ecfda-7163-5a8d-ba60-01f623d8b124"",""8b3ec7b0-123f-5597-95f7-1fafc5810d01""]",[],[],"[""4afc763c-033e-501c-9c9c-453207d31e62"",""aa66f5e3-ac0e-57d6-9b69-aa54ea7c4fb9"",""2e126757-f17e-5ee2-93db-94d31ed944b2""]","[""4afc763c-033e-501c-9c9c-453207d31e62"",""aa66f5e3-ac0e-57d6-9b69-aa54ea7c4fb9"",""2e126757-f17e-5ee2-93db-94d31ed944b2""]",[],[],"[""76216ff6-0dab-5f43-913f-741c2deb7596"",""d07b7490-853e-562b-b662-305e89e7718d"",""a3a03b99-34c0-504b-b529-32b798db318a""]","[""76216ff6-0dab-5f43-913f-741c2deb7596"",""d07b7490-853e-562b-b662-305e89e7718d"",""a3a03b99-34c0-504b-b529-32b798db318a""]",[],[],"[""b9ac296e-4c6c-5cdc-9e03-14868c124af2"",""e97a5398-37b9-5e89-91a9-9b3ae48d9534"",""035c5442-19b8-5a84-8a59-b352a9660279""]","[""b9ac296e-4c6c-5cdc-9e03-14868c124af2"",""e97a5398-37b9-5e89-91a9-9b3ae48d9534"",""035c5442-19b8-5a84-8a59-b352a9660279""]",quartets,Verbundene vollständige Vierergruppen,3,complete_exploratory_quartet,12,12,4afc763c-033e-501c-9c9c-453207d31e62,1,used,e10cc3d4-0100-4121-8706-3222fbbbac9d,Messwert verwendet,planned_run_per_population_group,True
M7-analysis-v5,2394b234-0bc9-5e4f-b3e2-b83fed46e68b,1,3f84b747bd1f85e0ca02784596b28635a58f099d2280c11d6a58a2a96314c85f,E-AB,e1ea2ccf80fbb81f94b29b70bdd06508e2b9419500b1ca0ecfd5317a4540e358,37d46947-813a-4296-a328-81c505b1dba7,dbb63e68d4ed9e904fa985aa5b88d674205b6caab086a8d981ac8918a9c68fb5,[],[],"[""4afc763c-033e-501c-9c9c-453207d31e62"",""76216ff6-0dab-5f43-913f-741c2deb7596"",""b9ac296e-4c6c-5cdc-9e03-14868c124af2"",""022ddff9-4332-5ba5-b884-42537f220a0c"",""616ecfda-7163-5a8d-ba60-01f623d8b124"",""e97a5398-37b9-5e89-91a9-9b3ae48d9534"",""aa66f5e3-ac0e-57d6-9b69-aa54ea7c4fb9"",""d07b7490-853e-562b-b662-305e89e7718d"",""2e126757-f17e-5ee2-93db-94d31ed944b2"",""a3a03b99-34c0-504b-b529-32b798db318a"",""8b3ec7b0-123f-5597-95f7-1fafc5810d01"",""035c5442-19b8-5a84-8a59-b352a9660279""]","[""4afc763c-033e-501c-9c9c-453207d31e62"",""76216ff6-0dab-5f43-913f-741c2deb7596"",""b9ac296e-4c6c-5cdc-9e03-14868c124af2"",""022ddff9-4332-5ba5-b884-42537f220a0c"",""616ecfda-7163-5a8d-ba60-01f623d8b124"",""e97a5398-37b9-5e89-91a9-9b3ae48d9534"",""aa66f5e3-ac0e-57d6-9b69-aa54ea7c4fb9"",""d07b7490-853e-562b-b662-305e89e7718d"",""2e126757-f17e-5ee2-93db-94d31ed944b2"",""a3a03b99-34c0-504b-b529-32b798db318a"",""8b3ec7b0-123f-5597-95f7-1fafc5810d01"",""035c5442-19b8-5a84-8a59-b352a9660279""]",[],[],"[""022ddff9-4332-5ba5-b884-42537f220a0c"",""616ecfda-7163-5a8d-ba60-01f623d8b124"",""8b3ec7b0-123f-5597-95f7-1fafc5810d01""]","[""022ddff9-4332-5ba5-b884-42537f220a0c"",""616ecfda-7163-5a8d-ba60-01f623d8b124"",""8b3ec7b0-123f-5597-95f7-1fafc5810d01""]",[],[],"[""4afc763c-033e-501c-9c9c-453207d31e62"",""aa66f5e3-ac0e-57d6-9b69-aa54ea7c4fb9"",""2e126757-f17e-5ee2-93db-94d31ed944b2""]","[""4afc763c-033e-501c-9c9c-453207d31e62"",""aa66f5e3-ac0e-57d6-9b69-aa54ea7c4fb9"",""2e126757-f17e-5ee2-93db-94d31ed944b2""]",[],[],"[""76216ff6-0dab-5f43-913f-741c2deb7596"",""d07b7490-853e-562b-b662-305e89e7718d"",""a3a03b99-34c0-504b-b529-32b798db318a""]","[""76216ff6-0dab-5f43-913f-741c2deb7596"",""d07b7490-853e-562b-b662-305e89e7718d"",""a3a03b99-34c0-504b-b529-32b798db318a""]",[],[],"[""b9ac296e-4c6c-5cdc-9e03-14868c124af2"",""e97a5398-37b9-5e89-91a9-9b3ae48d9534"",""035c5442-19b8-5a84-8a59-b352a9660279""]","[""b9ac296e-4c6c-5cdc-9e03-14868c124af2"",""e97a5398-37b9-5e89-91a9-9b3ae48d9534"",""035c5442-19b8-5a84-8a59-b352a9660279""]",values:E-AB,E-AB · F-Einzelwerte,3,planned_run,3,3,4afc763c-033e-501c-9c9c-453207d31e62,1,used,e10cc3d4-0100-4121-8706-3222fbbbac9d,Messwert verwendet,planned_run_per_population_group,True
M7-analysis-v5,2394b234-0bc9-5e4f-b3e2-b83fed46e68b,1,41b0225438818b95d9f194005fa9c3dd9f10fce188f280bdfe6b26e06aa2975e,E-BA,c95570638786f34bdf300259908c703357f319349529bd0f72711c0b41f6d98a,bcba9767-41cd-49d9-aa5e-687d9d4d0032,dbb63e68d4ed9e904fa985aa5b88d674205b6caab086a8d981ac8918a9c68fb5,[],[],"[""4afc763c-033e-501c-9c9c-453207d31e62"",""76216ff6-0dab-5f43-913f-741c2deb7596"",""b9ac296e-4c6c-5cdc-9e03-14868c124af2"",""022ddff9-4332-5ba5-b884-42537f220a0c"",""616ecfda-7163-5a8d-ba60-01f623d8b124"",""e97a5398-37b9-5e89-91a9-9b3ae48d9534"",""aa66f5e3-ac0e-57d6-9b69-aa54ea7c4fb9"",""d07b7490-853e-562b-b662-305e89e7718d"",""2e126757-f17e-5ee2-93db-94d31ed944b2"",""a3a03b99-34c0-504b-b529-32b798db318a"",""8b3ec7b0-123f-5597-95f7-1fafc5810d01"",""035c5442-19b8-5a84-8a59-b352a9660279""]","[""4afc763c-033e-501c-9c9c-453207d31e62"",""76216ff6-0dab-5f43-913f-741c2deb7596"",""b9ac296e-4c6c-5cdc-9e03-14868c124af2"",""022ddff9-4332-5ba5-b884-42537f220a0c"",""616ecfda-7163-5a8d-ba60-01f623d8b124"",""e97a5398-37b9-5e89-91a9-9b3ae48d9534"",""aa66f5e3-ac0e-57d6-9b69-aa54ea7c4fb9"",""d07b7490-853e-562b-b662-305e89e7718d"",""2e126757-f17e-5ee2-93db-94d31ed944b2"",""a3a03b99-34c0-504b-b529-32b798db318a"",""8b3ec7b0-123f-5597-95f7-1fafc5810d01"",""035c5442-19b8-5a84-8a59-b352a9660279""]",[],[],"[""022ddff9-4332-5ba5-b884-42537f220a0c"",""616ecfda-7163-5a8d-ba60-01f623d8b124"",""8b3ec7b0-123f-5597-95f7-1fafc5810d01""]","[""022ddff9-4332-5ba5-b884-42537f220a0c"",""616ecfda-7163-5a8d-ba60-01f623d8b124"",""8b3ec7b0-123f-5597-95f7-1fafc5810d01""]",[],[],"[""4afc763c-033e-501c-9c9c-453207d31e62"",""aa66f5e3-ac0e-57d6-9b69-aa54ea7c4fb9"",""2e126757-f17e-5ee2-93db-94d31ed944b2""]","[""4afc763c-033e-501c-9c9c-453207d31e62"",""aa66f5e3-ac0e-57d6-9b69-aa54ea7c4fb9"",""2e126757-f17e-5ee2-93db-94d31ed944b2""]",[],[],"[""76216ff6-0dab-5f43-913f-741c2deb7596"",""d07b7490-853e-562b-b662-305e89e7718d"",""a3a03b99-34c0-504b-b529-32b798db318a""]","[""76216ff6-0dab-5f43-913f-741c2deb7596"",""d07b7490-853e-562b-b662-305e89e7718d"",""a3a03b99-34c0-504b-b529-32b798db318a""]",[],[],"[""b9ac296e-4c6c-5cdc-9e03-14868c124af2"",""e97a5398-37b9-5e89-91a9-9b3ae48d9534"",""035c5442-19b8-5a84-8a59-b352a9660279""]","[""b9ac296e-4c6c-5cdc-9e03-14868c124af2"",""e97a5398-37b9-5e89-91a9-9b3ae48d9534"",""035c5442-19b8-5a84-8a59-b352a9660279""]",quartets,Verbundene vollständige Vierergruppen,3,complete_exploratory_quartet,12,12,76216ff6-0dab-5f43-913f-741c2deb7596,5,used,bc4d0829-3e3e-4e7a-8e68-8053af270847,Messwert verwendet,planned_run_per_population_group,True
M7-analysis-v5,2394b234-0bc9-5e4f-b3e2-b83fed46e68b,1,41b0225438818b95d9f194005fa9c3dd9f10fce188f280bdfe6b26e06aa2975e,E-BA,c95570638786f34bdf300259908c703357f319349529bd0f72711c0b41f6d98a,bcba9767-41cd-49d9-aa5e-687d9d4d0032,dbb63e68d4ed9e904fa985aa5b88d674205b6caab086a8d981ac8918a9c68fb5,[],[],"[""4afc763c-033e-501c-9c9c-453207d31e62"",""76216ff6-0dab-5f43-913f-741c2deb7596"",""b9ac296e-4c6c-5cdc-9e03-14868c124af2"",""022ddff9-4332-5ba5-b884-42537f220a0c"",""616ecfda-7163-5a8d-ba60-01f623d8b124"",""e97a5398-37b9-5e89-91a9-9b3ae48d9534"",""aa66f5e3-ac0e-57d6-9b69-aa54ea7c4fb9"",""d07b7490-853e-562b-b662-305e89e7718d"",""2e126757-f17e-5ee2-93db-94d31ed944b2"",""a3a03b99-34c0-504b-b529-32b798db318a"",""8b3ec7b0-123f-5597-95f7-1fafc5810d01"",""035c5442-19b8-5a84-8a59-b352a9660279""]","[""4afc763c-033e-501c-9c9c-453207d31e62"",""76216ff6-0dab-5f43-913f-741c2deb7596"",""b9ac296e-4c6c-5cdc-9e03-14868c124af2"",""022ddff9-4332-5ba5-b884-42537f220a0c"",""616ecfda-7163-5a8d-ba60-01f623d8b124"",""e97a5398-37b9-5e89-91a9-9b3ae48d9534"",""aa66f5e3-ac0e-57d6-9b69-aa54ea7c4fb9"",""d07b7490-853e-562b-b662-305e89e7718d"",""2e126757-f17e-5ee2-93db-94d31ed944b2"",""a3a03b99-34c0-504b-b529-32b798db318a"",""8b3ec7b0-123f-5597-95f7-1fafc5810d01"",""035c5442-19b8-5a84-8a59-b352a9660279""]",[],[],"[""022ddff9-4332-5ba5-b884-42537f220a0c"",""616ecfda-7163-5a8d-ba60-01f623d8b124"",""8b3ec7b0-123f-5597-95f7-1fafc5810d01""]","[""022ddff9-4332-5ba5-b884-42537f220a0c"",""616ecfda-7163-5a8d-ba60-01f623d8b124"",""8b3ec7b0-123f-5597-95f7-1fafc5810d01""]",[],[],"[""4afc763c-033e-501c-9c9c-453207d31e62"",""aa66f5e3-ac0e-57d6-9b69-aa54ea7c4fb9"",""2e126757-f17e-5ee2-93db-94d31ed944b2""]","[""4afc763c-033e-501c-9c9c-453207d31e62"",""aa66f5e3-ac0e-57d6-9b69-aa54ea7c4fb9"",""2e126757-f17e-5ee2-93db-94d31ed944b2""]",[],[],"[""76216ff6-0dab-5f43-913f-741c2deb7596"",""d07b7490-853e-562b-b662-305e89e7718d"",""a3a03b99-34c0-504b-b529-32b798db318a""]","[""76216ff6-0dab-5f43-913f-741c2deb7596"",""d07b7490-853e-562b-b662-305e89e7718d"",""a3a03b99-34c0-504b-b529-32b798db318a""]",[],[],"[""b9ac296e-4c6c-5cdc-9e03-14868c124af2"",""e97a5398-37b9-5e89-91a9-9b3ae48d9534"",""035c5442-19b8-5a84-8a59-b352a9660279""]","[""b9ac296e-4c6c-5cdc-9e03-14868c124af2"",""e97a5398-37b9-5e89-91a9-9b3ae48d9534"",""035c5442-19b8-5a84-8a59-b352a9660279""]",values:E-BA,E-BA · F-Einzelwerte,3,planned_run,3,3,76216ff6-0dab-5f43-913f-741c2deb7596,5,used,bc4d0829-3e3e-4e7a-8e68-8053af270847,Messwert verwendet,planned_run_per_population_group,True
M7-analysis-v5,2394b234-0bc9-5e4f-b3e2-b83fed46e68b,1,24d26c51c32d9d069e0f68dab3c127eac8f1396112f5cbbbbecc9384af7c0a0e,E-BB,b26081b6041d83b27d357511d1cbaa4be007a74fd351a784a31834412284db93,26c9e1ce-c552-46f9-9d50-4cc6179591a3,dbb63e68d4ed9e904fa985aa5b88d674205b6caab086a8d981ac8918a9c68fb5,[],[],"[""4afc763c-033e-501c-9c9c-453207d31e62"",""76216ff6-0dab-5f43-913f-741c2deb7596"",""b9ac296e-4c6c-5cdc-9e03-14868c124af2"",""022ddff9-4332-5ba5-b884-42537f220a0c"",""616ecfda-7163-5a8d-ba60-01f623d8b124"",""e97a5398-37b9-5e89-91a9-9b3ae48d9534"",""aa66f5e3-ac0e-57d6-9b69-aa54ea7c4fb9"",""d07b7490-853e-562b-b662-305e89e7718d"",""2e126757-f17e-5ee2-93db-94d31ed944b2"",""a3a03b99-34c0-504b-b529-32b798db318a"",""8b3ec7b0-123f-5597-95f7-1fafc5810d01"",""035c5442-19b8-5a84-8a59-b352a9660279""]","[""4afc763c-033e-501c-9c9c-453207d31e62"",""76216ff6-0dab-5f43-913f-741c2deb7596"",""b9ac296e-4c6c-5cdc-9e03-14868c124af2"",""022ddff9-4332-5ba5-b884-42537f220a0c"",""616ecfda-7163-5a8d-ba60-01f623d8b124"",""e97a5398-37b9-5e89-91a9-9b3ae48d9534"",""aa66f5e3-ac0e-57d6-9b69-aa54ea7c4fb9"",""d07b7490-853e-562b-b662-305e89e7718d"",""2e126757-f17e-5ee2-93db-94d31ed944b2"",""a3a03b99-34c0-504b-b529-32b798db318a"",""8b3ec7b0-123f-5597-95f7-1fafc5810d01"",""035c5442-19b8-5a84-8a59-b352a9660279""]",[],[],"[""022ddff9-4332-5ba5-b884-42537f220a0c"",""616ecfda-7163-5a8d-ba60-01f623d8b124"",""8b3ec7b0-123f-5597-95f7-1fafc5810d01""]","[""022ddff9-4332-5ba5-b884-42537f220a0c"",""616ecfda-7163-5a8d-ba60-01f623d8b124"",""8b3ec7b0-123f-5597-95f7-1fafc5810d01""]",[],[],"[""4afc763c-033e-501c-9c9c-453207d31e62"",""aa66f5e3-ac0e-57d6-9b69-aa54ea7c4fb9"",""2e126757-f17e-5ee2-93db-94d31ed944b2""]","[""4afc763c-033e-501c-9c9c-453207d31e62"",""aa66f5e3-ac0e-57d6-9b69-aa54ea7c4fb9"",""2e126757-f17e-5ee2-93db-94d31ed944b2""]",[],[],"[""76216ff6-0dab-5f43-913f-741c2deb7596"",""d07b7490-853e-562b-b662-305e89e7718d"",""a3a03b99-34c0-504b-b529-32b798db318a""]","[""76216ff6-0dab-5f43-913f-741c2deb7596"",""d07b7490-853e-562b-b662-305e89e7718d"",""a3a03b99-34c0-504b-b529-32b798db318a""]",[],[],"[""b9ac296e-4c6c-5cdc-9e03-14868c124af2"",""e97a5398-37b9-5e89-91a9-9b3ae48d9534"",""035c5442-19b8-5a84-8a59-b352a9660279""]","[""b9ac296e-4c6c-5cdc-9e03-14868c124af2"",""e97a5398-37b9-5e89-91a9-9b3ae48d9534"",""035c5442-19b8-5a84-8a59-b352a9660279""]",quartets,Verbundene vollständige Vierergruppen,3,complete_exploratory_quartet,12,12,b9ac296e-4c6c-5cdc-9e03-14868c124af2,11,used,1a969ddc-bdb7-406c-b5e7-fcbe76d7ef77,Messwert verwendet,planned_run_per_population_group,True
M7-analysis-v5,2394b234-0bc9-5e4f-b3e2-b83fed46e68b,1,24d26c51c32d9d069e0f68dab3c127eac8f1396112f5cbbbbecc9384af7c0a0e,E-BB,b26081b6041d83b27d357511d1cbaa4be007a74fd351a784a31834412284db93,26c9e1ce-c552-46f9-9d50-4cc6179591a3,dbb63e68d4ed9e904fa985aa5b88d674205b6caab086a8d981ac8918a9c68fb5,[],[],"[""4afc763c-033e-501c-9c9c-453207d31e62"",""76216ff6-0dab-5f43-913f-741c2deb7596"",""b9ac296e-4c6c-5cdc-9e03-14868c124af2"",""022ddff9-4332-5ba5-b884-42537f220a0c"",""616ecfda-7163-5a8d-ba60-01f623d8b124"",""e97a5398-37b9-5e89-91a9-9b3ae48d9534"",""aa66f5e3-ac0e-57d6-9b69-aa54ea7c4fb9"",""d07b7490-853e-562b-b662-305e89e7718d"",""2e126757-f17e-5ee2-93db-94d31ed944b2"",""a3a03b99-34c0-504b-b529-32b798db318a"",""8b3ec7b0-123f-5597-95f7-1fafc5810d01"",""035c5442-19b8-5a84-8a59-b352a9660279""]","[""4afc763c-033e-501c-9c9c-453207d31e62"",""76216ff6-0dab-5f43-913f-741c2deb7596"",""b9ac296e-4c6c-5cdc-9e03-14868c124af2"",""022ddff9-4332-5ba5-b884-42537f220a0c"",""616ecfda-7163-5a8d-ba60-01f623d8b124"",""e97a5398-37b9-5e89-91a9-9b3ae48d9534"",""aa66f5e3-ac0e-57d6-9b69-aa54ea7c4fb9"",""d07b7490-853e-562b-b662-305e89e7718d"",""2e126757-f17e-5ee2-93db-94d31ed944b2"",""a3a03b99-34c0-504b-b529-32b798db318a"",""8b3ec7b0-123f-5597-95f7-1fafc5810d01"",""035c5442-19b8-5a84-8a59-b352a9660279""]",[],[],"[""022ddff9-4332-5ba5-b884-42537f220a0c"",""616ecfda-7163-5a8d-ba60-01f623d8b124"",""8b3ec7b0-123f-5597-95f7-1fafc5810d01""]","[""022ddff9-4332-5ba5-b884-42537f220a0c"",""616ecfda-7163-5a8d-ba60-01f623d8b124"",""8b3ec7b0-123f-5597-95f7-1fafc5810d01""]",[],[],"[""4afc763c-033e-501c-9c9c-453207d31e62"",""aa66f5e3-ac0e-57d6-9b69-aa54ea7c4fb9"",""2e126757-f17e-5ee2-93db-94d31ed944b2""]","[""4afc763c-033e-501c-9c9c-453207d31e62"",""aa66f5e3-ac0e-57d6-9b69-aa54ea7c4fb9"",""2e126757-f17e-5ee2-93db-94d31ed944b2""]",[],[],"[""76216ff6-0dab-5f43-913f-741c2deb7596"",""d07b7490-853e-562b-b662-305e89e7718d"",""a3a03b99-34c0-504b-b529-32b798db318a""]","[""76216ff6-0dab-5f43-913f-741c2deb7596"",""d07b7490-853e-562b-b662-305e89e7718d"",""a3a03b99-34c0-504b-b529-32b798db318a""]",[],[],"[""b9ac296e-4c6c-5cdc-9e03-14868c124af2"",""e97a5398-37b9-5e89-91a9-9b3ae48d9534"",""035c5442-19b8-5a84-8a59-b352a9660279""]","[""b9ac296e-4c6c-5cdc-9e03-14868c124af2"",""e97a5398-37b9-5e89-91a9-9b3ae48d9534"",""035c5442-19b8-5a84-8a59-b352a9660279""]",values:E-BB,E-BB · F-Einzelwerte,3,planned_run,3,3,b9ac296e-4c6c-5cdc-9e03-14868c124af2,11,used,1a969ddc-bdb7-406c-b5e7-fcbe76d7ef77,Messwert verwendet,planned_run_per_population_group,True
M7-analysis-v5,2394b234-0bc9-5e4f-b3e2-b83fed46e68b,1,d209b611d531fdc1b61ed8a2e01309ae3145d8b93453a46e7586c90514390c53,C-SQL-1,27b8151da86242809dca0369f6ae8205b3d9e19866f42442c95f91863350f15a,6f7f3a3c-8647-488b-b587-d1d430125ce9,dbb63e68d4ed9e904fa985aa5b88d674205b6caab086a8d981ac8918a9c68fb5,[],[],"[""4afc763c-033e-501c-9c9c-453207d31e62"",""76216ff6-0dab-5f43-913f-741c2deb7596"",""b9ac296e-4c6c-5cdc-9e03-14868c124af2"",""022ddff9-4332-5ba5-b884-42537f220a0c"",""616ecfda-7163-5a8d-ba60-01f623d8b124"",""e97a5398-37b9-5e89-91a9-9b3ae48d9534"",""aa66f5e3-ac0e-57d6-9b69-aa54ea7c4fb9"",""d07b7490-853e-562b-b662-305e89e7718d"",""2e126757-f17e-5ee2-93db-94d31ed944b2"",""a3a03b99-34c0-504b-b529-32b798db318a"",""8b3ec7b0-123f-5597-95f7-1fafc5810d01"",""035c5442-19b8-5a84-8a59-b352a9660279""]","[""4afc763c-033e-501c-9c9c-453207d31e62"",""76216ff6-0dab-5f43-913f-741c2deb7596"",""b9ac296e-4c6c-5cdc-9e03-14868c124af2"",""022ddff9-4332-5ba5-b884-42537f220a0c"",""616ecfda-7163-5a8d-ba60-01f623d8b124"",""e97a5398-37b9-5e89-91a9-9b3ae48d9534"",""aa66f5e3-ac0e-57d6-9b69-aa54ea7c4fb9"",""d07b7490-853e-562b-b662-305e89e7718d"",""2e126757-f17e-5ee2-93db-94d31ed944b2"",""a3a03b99-34c0-504b-b529-32b798db318a"",""8b3ec7b0-123f-5597-95f7-1fafc5810d01"",""035c5442-19b8-5a84-8a59-b352a9660279""]",[],[],"[""022ddff9-4332-5ba5-b884-42537f220a0c"",""616ecfda-7163-5a8d-ba60-01f623d8b124"",""8b3ec7b0-123f-5597-95f7-1fafc5810d01""]","[""022ddff9-4332-5ba5-b884-42537f220a0c"",""616ecfda-7163-5a8d-ba60-01f623d8b124"",""8b3ec7b0-123f-5597-95f7-1fafc5810d01""]",[],[],"[""4afc763c-033e-501c-9c9c-453207d31e62"",""aa66f5e3-ac0e-57d6-9b69-aa54ea7c4fb9"",""2e126757-f17e-5ee2-93db-94d31ed944b2""]","[""4afc763c-033e-501c-9c9c-453207d31e62"",""aa66f5e3-ac0e-57d6-9b69-aa54ea7c4fb9"",""2e126757-f17e-5ee2-93db-94d31ed944b2""]",[],[],"[""76216ff6-0dab-5f43-913f-741c2deb7596"",""d07b7490-853e-562b-b662-305e89e7718d"",""a3a03b99-34c0-504b-b529-32b798db318a""]","[""76216ff6-0dab-5f43-913f-741c2deb7596"",""d07b7490-853e-562b-b662-305e89e7718d"",""a3a03b99-34c0-504b-b529-32b798db318a""]",[],[],"[""b9ac296e-4c6c-5cdc-9e03-14868c124af2"",""e97a5398-37b9-5e89-91a9-9b3ae48d9534"",""035c5442-19b8-5a84-8a59-b352a9660279""]","[""b9ac296e-4c6c-5cdc-9e03-14868c124af2"",""e97a5398-37b9-5e89-91a9-9b3ae48d9534"",""035c5442-19b8-5a84-8a59-b352a9660279""]",quartets,Verbundene vollständige Vierergruppen,3,complete_exploratory_quartet,12,12,022ddff9-4332-5ba5-b884-42537f220a0c,12,used,a2d1e4bd-ae41-4f2b-8b92-9416f7ffb783,Messwert verwendet,planned_run_per_population_group,True
M7-analysis-v5,2394b234-0bc9-5e4f-b3e2-b83fed46e68b,1,d209b611d531fdc1b61ed8a2e01309ae3145d8b93453a46e7586c90514390c53,C-SQL-1,27b8151da86242809dca0369f6ae8205b3d9e19866f42442c95f91863350f15a,6f7f3a3c-8647-488b-b587-d1d430125ce9,dbb63e68d4ed9e904fa985aa5b88d674205b6caab086a8d981ac8918a9c68fb5,[],[],"[""4afc763c-033e-501c-9c9c-453207d31e62"",""76216ff6-0dab-5f43-913f-741c2deb7596"",""b9ac296e-4c6c-5cdc-9e03-14868c124af2"",""022ddff9-4332-5ba5-b884-42537f220a0c"",""616ecfda-7163-5a8d-ba60-01f623d8b124"",""e97a5398-37b9-5e89-91a9-9b3ae48d9534"",""aa66f5e3-ac0e-57d6-9b69-aa54ea7c4fb9"",""d07b7490-853e-562b-b662-305e89e7718d"",""2e126757-f17e-5ee2-93db-94d31ed944b2"",""a3a03b99-34c0-504b-b529-32b798db318a"",""8b3ec7b0-123f-5597-95f7-1fafc5810d01"",""035c5442-19b8-5a84-8a59-b352a9660279""]","[""4afc763c-033e-501c-9c9c-453207d31e62"",""76216ff6-0dab-5f43-913f-741c2deb7596"",""b9ac296e-4c6c-5cdc-9e03-14868c124af2"",""022ddff9-4332-5ba5-b884-42537f220a0c"",""616ecfda-7163-5a8d-ba60-01f623d8b124"",""e97a5398-37b9-5e89-91a9-9b3ae48d9534"",""aa66f5e3-ac0e-57d6-9b69-aa54ea7c4fb9"",""d07b7490-853e-562b-b662-305e89e7718d"",""2e126757-f17e-5ee2-93db-94d31ed944b2"",""a3a03b99-34c0-504b-b529-32b798db318a"",""8b3ec7b0-123f-5597-95f7-1fafc5810d01"",""035c5442-19b8-5a84-8a59-b352a9660279""]",[],[],"[""022ddff9-4332-5ba5-b884-42537f220a0c"",""616ecfda-7163-5a8d-ba60-01f623d8b124"",""8b3ec7b0-123f-5597-95f7-1fafc5810d01""]","[""022ddff9-4332-5ba5-b884-42537f220a0c"",""616ecfda-7163-5a8d-ba60-01f623d8b124"",""8b3ec7b0-123f-5597-95f7-1fafc5810d01""]",[],[],"[""4afc763c-033e-501c-9c9c-453207d31e62"",""aa66f5e3-ac0e-57d6-9b69-aa54ea7c4fb9"",""2e126757-f17e-5ee2-93db-94d31ed944b2""]","[""4afc763c-033e-501c-9c9c-453207d31e62"",""aa66f5e3-ac0e-57d6-9b69-aa54ea7c4fb9"",""2e126757-f17e-5ee2-93db-94d31ed944b2""]",[],[],"[""76216ff6-0dab-5f43-913f-741c2deb7596"",""d07b7490-853e-562b-b662-305e89e7718d"",""a3a03b99-34c0-504b-b529-32b798db318a""]","[""76216ff6-0dab-5f43-913f-741c2deb7596"",""d07b7490-853e-562b-b662-305e89e7718d"",""a3a03b99-34c0-504b-b529-32b798db318a""]",[],[],"[""b9ac296e-4c6c-5cdc-9e03-14868c124af2"",""e97a5398-37b9-5e89-91a9-9b3ae48d9534"",""035c5442-19b8-5a84-8a59-b352a9660279""]","[""b9ac296e-4c6c-5cdc-9e03-14868c124af2"",""e97a5398-37b9-5e89-91a9-9b3ae48d9534"",""035c5442-19b8-5a84-8a59-b352a9660279""]",values:C-SQL-1,C-SQL-1 · F-Einzelwerte,3,planned_run,3,3,022ddff9-4332-5ba5-b884-42537f220a0c,12,used,a2d1e4bd-ae41-4f2b-8b92-9416f7ffb783,Messwert verwendet,planned_run_per_population_group,True
M7-analysis-v5,f9faff59-3259-5804-8713-ca7f4006c343,2,12a588a973e24157d490acab23e57ec685cde24dfc7dc6390638cd1317a9a8cc,C-SQL-1,27b8151da86242809dca0369f6ae8205b3d9e19866f42442c95f91863350f15a,6f7f3a3c-8647-488b-b587-d1d430125ce9,dbb63e68d4ed9e904fa985aa5b88d674205b6caab086a8d981ac8918a9c68fb5,[],[],"[""4afc763c-033e-501c-9c9c-453207d31e62"",""76216ff6-0dab-5f43-913f-741c2deb7596"",""b9ac296e-4c6c-5cdc-9e03-14868c124af2"",""022ddff9-4332-5ba5-b884-42537f220a0c"",""616ecfda-7163-5a8d-ba60-01f623d8b124"",""e97a5398-37b9-5e89-91a9-9b3ae48d9534"",""aa66f5e3-ac0e-57d6-9b69-aa54ea7c4fb9"",""d07b7490-853e-562b-b662-305e89e7718d"",""2e126757-f17e-5ee2-93db-94d31ed944b2"",""a3a03b99-34c0-504b-b529-32b798db318a"",""8b3ec7b0-123f-5597-95f7-1fafc5810d01"",""035c5442-19b8-5a84-8a59-b352a9660279""]","[""4afc763c-033e-501c-9c9c-453207d31e62"",""76216ff6-0dab-5f43-913f-741c2deb7596"",""b9ac296e-4c6c-5cdc-9e03-14868c124af2"",""022ddff9-4332-5ba5-b884-42537f220a0c"",""616ecfda-7163-5a8d-ba60-01f623d8b124"",""e97a5398-37b9-5e89-91a9-9b3ae48d9534"",""aa66f5e3-ac0e-57d6-9b69-aa54ea7c4fb9"",""d07b7490-853e-562b-b662-305e89e7718d"",""2e126757-f17e-5ee2-93db-94d31ed944b2"",""a3a03b99-34c0-504b-b529-32b798db318a"",""8b3ec7b0-123f-5597-95f7-1fafc5810d01"",""035c5442-19b8-5a84-8a59-b352a9660279""]",[],[],"[""022ddff9-4332-5ba5-b884-42537f220a0c"",""616ecfda-7163-5a8d-ba60-01f623d8b124"",""8b3ec7b0-123f-5597-95f7-1fafc5810d01""]","[""022ddff9-4332-5ba5-b884-42537f220a0c"",""616ecfda-7163-5a8d-ba60-01f623d8b124"",""8b3ec7b0-123f-5597-95f7-1fafc5810d01""]",[],[],"[""4afc763c-033e-501c-9c9c-453207d31e62"",""aa66f5e3-ac0e-57d6-9b69-aa54ea7c4fb9"",""2e126757-f17e-5ee2-93db-94d31ed944b2""]","[""4afc763c-033e-501c-9c9c-453207d31e62"",""aa66f5e3-ac0e-57d6-9b69-aa54ea7c4fb9"",""2e126757-f17e-5ee2-93db-94d31ed944b2""]",[],[],"[""76216ff6-0dab-5f43-913f-741c2deb7596"",""d07b7490-853e-562b-b662-305e89e7718d"",""a3a03b99-34c0-504b-b529-32b798db318a""]","[""76216ff6-0dab-5f43-913f-741c2deb7596"",""d07b7490-853e-562b-b662-305e89e7718d"",""a3a03b99-34c0-504b-b529-32b798db318a""]",[],[],"[""b9ac296e-4c6c-5cdc-9e03-14868c124af2"",""e97a5398-37b9-5e89-91a9-9b3ae48d9534"",""035c5442-19b8-5a84-8a59-b352a9660279""]","[""b9ac296e-4c6c-5cdc-9e03-14868c124af2"",""e97a5398-37b9-5e89-91a9-9b3ae48d9534"",""035c5442-19b8-5a84-8a59-b352a9660279""]",quartets,Verbundene vollständige Vierergruppen,3,complete_exploratory_quartet,12,12,616ecfda-7163-5a8d-ba60-01f623d8b124,15,used,6c45fdb5-7960-4501-8cf4-04e09f4bcb87,Messwert verwendet,planned_run_per_population_group,True
M7-analysis-v5,f9faff59-3259-5804-8713-ca7f4006c343,2,12a588a973e24157d490acab23e57ec685cde24dfc7dc6390638cd1317a9a8cc,C-SQL-1,27b8151da86242809dca0369f6ae8205b3d9e19866f42442c95f91863350f15a,6f7f3a3c-8647-488b-b587-d1d430125ce9,dbb63e68d4ed9e904fa985aa5b88d674205b6caab086a8d981ac8918a9c68fb5,[],[],"[""4afc763c-033e-501c-9c9c-453207d31e62"",""76216ff6-0dab-5f43-913f-741c2deb7596"",""b9ac296e-4c6c-5cdc-9e03-14868c124af2"",""022ddff9-4332-5ba5-b884-42537f220a0c"",""616ecfda-7163-5a8d-ba60-01f623d8b124"",""e97a5398-37b9-5e89-91a9-9b3ae48d9534"",""aa66f5e3-ac0e-57d6-9b69-aa54ea7c4fb9"",""d07b7490-853e-562b-b662-305e89e7718d"",""2e126757-f17e-5ee2-93db-94d31ed944b2"",""a3a03b99-34c0-504b-b529-32b798db318a"",""8b3ec7b0-123f-5597-95f7-1fafc5810d01"",""035c5442-19b8-5a84-8a59-b352a9660279""]","[""4afc763c-033e-501c-9c9c-453207d31e62"",""76216ff6-0dab-5f43-913f-741c2deb7596"",""b9ac296e-4c6c-5cdc-9e03-14868c124af2"",""022ddff9-4332-5ba5-b884-42537f220a0c"",""616ecfda-7163-5a8d-ba60-01f623d8b124"",""e97a5398-37b9-5e89-91a9-9b3ae48d9534"",""aa66f5e3-ac0e-57d6-9b69-aa54ea7c4fb9"",""d07b7490-853e-562b-b662-305e89e7718d"",""2e126757-f17e-5ee2-93db-94d31ed944b2"",""a3a03b99-34c0-504b-b529-32b798db318a"",""8b3ec7b0-123f-5597-95f7-1fafc5810d01"",""035c5442-19b8-5a84-8a59-b352a9660279""]",[],[],"[""022ddff9-4332-5ba5-b884-42537f220a0c"",""616ecfda-7163-5a8d-ba60-01f623d8b124"",""8b3ec7b0-123f-5597-95f7-1fafc5810d01""]","[""022ddff9-4332-5ba5-b884-42537f220a0c"",""616ecfda-7163-5a8d-ba60-01f623d8b124"",""8b3ec7b0-123f-5597-95f7-1fafc5810d01""]",[],[],"[""4afc763c-033e-501c-9c9c-453207d31e62"",""aa66f5e3-ac0e-57d6-9b69-aa54ea7c4fb9"",""2e126757-f17e-5ee2-93db-94d31ed944b2""]","[""4afc763c-033e-501c-9c9c-453207d31e62"",""aa66f5e3-ac0e-57d6-9b69-aa54ea7c4fb9"",""2e126757-f17e-5ee2-93db-94d31ed944b2""]",[],[],"[""76216ff6-0dab-5f43-913f-741c2deb7596"",""d07b7490-853e-562b-b662-305e89e7718d"",""a3a03b99-34c0-504b-b529-32b798db318a""]","[""76216ff6-0dab-5f43-913f-741c2deb7596"",""d07b7490-853e-562b-b662-305e89e7718d"",""a3a03b99-34c0-504b-b529-32b798db318a""]",[],[],"[""b9ac296e-4c6c-5cdc-9e03-14868c124af2"",""e97a5398-37b9-5e89-91a9-9b3ae48d9534"",""035c5442-19b8-5a84-8a59-b352a9660279""]","[""b9ac296e-4c6c-5cdc-9e03-14868c124af2"",""e97a5398-37b9-5e89-91a9-9b3ae48d9534"",""035c5442-19b8-5a84-8a59-b352a9660279""]",values:C-SQL-1,C-SQL-1 · F-Einzelwerte,3,planned_run,3,3,616ecfda-7163-5a8d-ba60-01f623d8b124,15,used,6c45fdb5-7960-4501-8cf4-04e09f4bcb87,Messwert verwendet,planned_run_per_population_group,True
M7-analysis-v5,f9faff59-3259-5804-8713-ca7f4006c343,2,30c1abb1b39a58430186f9d9c81a325dfe23c5d98a16b28399bbf49d47ccf324,E-BB,b26081b6041d83b27d357511d1cbaa4be007a74fd351a784a31834412284db93,26c9e1ce-c552-46f9-9d50-4cc6179591a3,dbb63e68d4ed9e904fa985aa5b88d674205b6caab086a8d981ac8918a9c68fb5,[],[],"[""4afc763c-033e-501c-9c9c-453207d31e62"",""76216ff6-0dab-5f43-913f-741c2deb7596"",""b9ac296e-4c6c-5cdc-9e03-14868c124af2"",""022ddff9-4332-5ba5-b884-42537f220a0c"",""616ecfda-7163-5a8d-ba60-01f623d8b124"",""e97a5398-37b9-5e89-91a9-9b3ae48d9534"",""aa66f5e3-ac0e-57d6-9b69-aa54ea7c4fb9"",""d07b7490-853e-562b-b662-305e89e7718d"",""2e126757-f17e-5ee2-93db-94d31ed944b2"",""a3a03b99-34c0-504b-b529-32b798db318a"",""8b3ec7b0-123f-5597-95f7-1fafc5810d01"",""035c5442-19b8-5a84-8a59-b352a9660279""]","[""4afc763c-033e-501c-9c9c-453207d31e62"",""76216ff6-0dab-5f43-913f-741c2deb7596"",""b9ac296e-4c6c-5cdc-9e03-14868c124af2"",""022ddff9-4332-5ba5-b884-42537f220a0c"",""616ecfda-7163-5a8d-ba60-01f623d8b124"",""e97a5398-37b9-5e89-91a9-9b3ae48d9534"",""aa66f5e3-ac0e-57d6-9b69-aa54ea7c4fb9"",""d07b7490-853e-562b-b662-305e89e7718d"",""2e126757-f17e-5ee2-93db-94d31ed944b2"",""a3a03b99-34c0-504b-b529-32b798db318a"",""8b3ec7b0-123f-5597-95f7-1fafc5810d01"",""035c5442-19b8-5a84-8a59-b352a9660279""]",[],[],"[""022ddff9-4332-5ba5-b884-42537f220a0c"",""616ecfda-7163-5a8d-ba60-01f623d8b124"",""8b3ec7b0-123f-5597-95f7-1fafc5810d01""]","[""022ddff9-4332-5ba5-b884-42537f220a0c"",""616ecfda-7163-5a8d-ba60-01f623d8b124"",""8b3ec7b0-123f-5597-95f7-1fafc5810d01""]",[],[],"[""4afc763c-033e-501c-9c9c-453207d31e62"",""aa66f5e3-ac0e-57d6-9b69-aa54ea7c4fb9"",""2e126757-f17e-5ee2-93db-94d31ed944b2""]","[""4afc763c-033e-501c-9c9c-453207d31e62"",""aa66f5e3-ac0e-57d6-9b69-aa54ea7c4fb9"",""2e126757-f17e-5ee2-93db-94d31ed944b2""]",[],[],"[""76216ff6-0dab-5f43-913f-741c2deb7596"",""d07b7490-853e-562b-b662-305e89e7718d"",""a3a03b99-34c0-504b-b529-32b798db318a""]","[""76216ff6-0dab-5f43-913f-741c2deb7596"",""d07b7490-853e-562b-b662-305e89e7718d"",""a3a03b99-34c0-504b-b529-32b798db318a""]",[],[],"[""b9ac296e-4c6c-5cdc-9e03-14868c124af2"",""e97a5398-37b9-5e89-91a9-9b3ae48d9534"",""035c5442-19b8-5a84-8a59-b352a9660279""]","[""b9ac296e-4c6c-5cdc-9e03-14868c124af2"",""e97a5398-37b9-5e89-91a9-9b3ae48d9534"",""035c5442-19b8-5a84-8a59-b352a9660279""]",quartets,Verbundene vollständige Vierergruppen,3,complete_exploratory_quartet,12,12,e97a5398-37b9-5e89-91a9-9b3ae48d9534,21,used,153aa1fb-14af-4083-8e7d-bbf3a354f6c8,Messwert verwendet,planned_run_per_population_group,True
M7-analysis-v5,f9faff59-3259-5804-8713-ca7f4006c343,2,30c1abb1b39a58430186f9d9c81a325dfe23c5d98a16b28399bbf49d47ccf324,E-BB,b26081b6041d83b27d357511d1cbaa4be007a74fd351a784a31834412284db93,26c9e1ce-c552-46f9-9d50-4cc6179591a3,dbb63e68d4ed9e904fa985aa5b88d674205b6caab086a8d981ac8918a9c68fb5,[],[],"[""4afc763c-033e-501c-9c9c-453207d31e62"",""76216ff6-0dab-5f43-913f-741c2deb7596"",""b9ac296e-4c6c-5cdc-9e03-14868c124af2"",""022ddff9-4332-5ba5-b884-42537f220a0c"",""616ecfda-7163-5a8d-ba60-01f623d8b124"",""e97a5398-37b9-5e89-91a9-9b3ae48d9534"",""aa66f5e3-ac0e-57d6-9b69-aa54ea7c4fb9"",""d07b7490-853e-562b-b662-305e89e7718d"",""2e126757-f17e-5ee2-93db-94d31ed944b2"",""a3a03b99-34c0-504b-b529-32b798db318a"",""8b3ec7b0-123f-5597-95f7-1fafc5810d01"",""035c5442-19b8-5a84-8a59-b352a9660279""]","[""4afc763c-033e-501c-9c9c-453207d31e62"",""76216ff6-0dab-5f43-913f-741c2deb7596"",""b9ac296e-4c6c-5cdc-9e03-14868c124af2"",""022ddff9-4332-5ba5-b884-42537f220a0c"",""616ecfda-7163-5a8d-ba60-01f623d8b124"",""e97a5398-37b9-5e89-91a9-9b3ae48d9534"",""aa66f5e3-ac0e-57d6-9b69-aa54ea7c4fb9"",""d07b7490-853e-562b-b662-305e89e7718d"",""2e126757-f17e-5ee2-93db-94d31ed944b2"",""a3a03b99-34c0-504b-b529-32b798db318a"",""8b3ec7b0-123f-5597-95f7-1fafc5810d01"",""035c5442-19b8-5a84-8a59-b352a9660279""]",[],[],"[""022ddff9-4332-5ba5-b884-42537f220a0c"",""616ecfda-7163-5a8d-ba60-01f623d8b124"",""8b3ec7b0-123f-5597-95f7-1fafc5810d01""]","[""022ddff9-4332-5ba5-b884-42537f220a0c"",""616ecfda-7163-5a8d-ba60-01f623d8b124"",""8b3ec7b0-123f-5597-95f7-1fafc5810d01""]",[],[],"[""4afc763c-033e-501c-9c9c-453207d31e62"",""aa66f5e3-ac0e-57d6-9b69-aa54ea7c4fb9"",""2e126757-f17e-5ee2-93db-94d31ed944b2""]","[""4afc763c-033e-501c-9c9c-453207d31e62"",""aa66f5e3-ac0e-57d6-9b69-aa54ea7c4fb9"",""2e126757-f17e-5ee2-93db-94d31ed944b2""]",[],[],"[""76216ff6-0dab-5f43-913f-741c2deb7596"",""d07b7490-853e-562b-b662-305e89e7718d"",""a3a03b99-34c0-504b-b529-32b798db318a""]","[""76216ff6-0dab-5f43-913f-741c2deb7596"",""d07b7490-853e-562b-b662-305e89e7718d"",""a3a03b99-34c0-504b-b529-32b798db318a""]",[],[],"[""b9ac296e-4c6c-5cdc-9e03-14868c124af2"",""e97a5398-37b9-5e89-91a9-9b3ae48d9534"",""035c5442-19b8-5a84-8a59-b352a9660279""]","[""b9ac296e-4c6c-5cdc-9e03-14868c124af2"",""e97a5398-37b9-5e89-91a9-9b3ae48d9534"",""035c5442-19b8-5a84-8a59-b352a9660279""]",values:E-BB,E-BB · F-Einzelwerte,3,planned_run,3,3,e97a5398-37b9-5e89-91a9-9b3ae48d9534,21,used,153aa1fb-14af-4083-8e7d-bbf3a354f6c8,Messwert verwendet,planned_run_per_population_group,True
M7-analysis-v5,f9faff59-3259-5804-8713-ca7f4006c343,2,689ba53542ae9dfc85b71c6f87b5b35519c0726d569ce67be8c8eadd4eb15b3b,E-AB,e1ea2ccf80fbb81f94b29b70bdd06508e2b9419500b1ca0ecfd5317a4540e358,37d46947-813a-4296-a328-81c505b1dba7,dbb63e68d4ed9e904fa985aa5b88d674205b6caab086a8d981ac8918a9c68fb5,[],[],"[""4afc763c-033e-501c-9c9c-453207d31e62"",""76216ff6-0dab-5f43-913f-741c2deb7596"",""b9ac296e-4c6c-5cdc-9e03-14868c124af2"",""022ddff9-4332-5ba5-b884-42537f220a0c"",""616ecfda-7163-5a8d-ba60-01f623d8b124"",""e97a5398-37b9-5e89-91a9-9b3ae48d9534"",""aa66f5e3-ac0e-57d6-9b69-aa54ea7c4fb9"",""d07b7490-853e-562b-b662-305e89e7718d"",""2e126757-f17e-5ee2-93db-94d31ed944b2"",""a3a03b99-34c0-504b-b529-32b798db318a"",""8b3ec7b0-123f-5597-95f7-1fafc5810d01"",""035c5442-19b8-5a84-8a59-b352a9660279""]","[""4afc763c-033e-501c-9c9c-453207d31e62"",""76216ff6-0dab-5f43-913f-741c2deb7596"",""b9ac296e-4c6c-5cdc-9e03-14868c124af2"",""022ddff9-4332-5ba5-b884-42537f220a0c"",""616ecfda-7163-5a8d-ba60-01f623d8b124"",""e97a5398-37b9-5e89-91a9-9b3ae48d9534"",""aa66f5e3-ac0e-57d6-9b69-aa54ea7c4fb9"",""d07b7490-853e-562b-b662-305e89e7718d"",""2e126757-f17e-5ee2-93db-94d31ed944b2"",""a3a03b99-34c0-504b-b529-32b798db318a"",""8b3ec7b0-123f-5597-95f7-1fafc5810d01"",""035c5442-19b8-5a84-8a59-b352a9660279""]",[],[],"[""022ddff9-4332-5ba5-b884-42537f220a0c"",""616ecfda-7163-5a8d-ba60-01f623d8b124"",""8b3ec7b0-123f-5597-95f7-1fafc5810d01""]","[""022ddff9-4332-5ba5-b884-42537f220a0c"",""616ecfda-7163-5a8d-ba60-01f623d8b124"",""8b3ec7b0-123f-5597-95f7-1fafc5810d01""]",[],[],"[""4afc763c-033e-501c-9c9c-453207d31e62"",""aa66f5e3-ac0e-57d6-9b69-aa54ea7c4fb9"",""2e126757-f17e-5ee2-93db-94d31ed944b2""]","[""4afc763c-033e-501c-9c9c-453207d31e62"",""aa66f5e3-ac0e-57d6-9b69-aa54ea7c4fb9"",""2e126757-f17e-5ee2-93db-94d31ed944b2""]",[],[],"[""76216ff6-0dab-5f43-913f-741c2deb7596"",""d07b7490-853e-562b-b662-305e89e7718d"",""a3a03b99-34c0-504b-b529-32b798db318a""]","[""76216ff6-0dab-5f43-913f-741c2deb7596"",""d07b7490-853e-562b-b662-305e89e7718d"",""a3a03b99-34c0-504b-b529-32b798db318a""]",[],[],"[""b9ac296e-4c6c-5cdc-9e03-14868c124af2"",""e97a5398-37b9-5e89-91a9-9b3ae48d9534"",""035c5442-19b8-5a84-8a59-b352a9660279""]","[""b9ac296e-4c6c-5cdc-9e03-14868c124af2"",""e97a5398-37b9-5e89-91a9-9b3ae48d9534"",""035c5442-19b8-5a84-8a59-b352a9660279""]",quartets,Verbundene vollständige Vierergruppen,3,complete_exploratory_quartet,12,12,aa66f5e3-ac0e-57d6-9b69-aa54ea7c4fb9,23,used,45b5c191-572f-41e1-9a62-6da4ab5295c7,Messwert verwendet,planned_run_per_population_group,True
M7-analysis-v5,f9faff59-3259-5804-8713-ca7f4006c343,2,689ba53542ae9dfc85b71c6f87b5b35519c0726d569ce67be8c8eadd4eb15b3b,E-AB,e1ea2ccf80fbb81f94b29b70bdd06508e2b9419500b1ca0ecfd5317a4540e358,37d46947-813a-4296-a328-81c505b1dba7,dbb63e68d4ed9e904fa985aa5b88d674205b6caab086a8d981ac8918a9c68fb5,[],[],"[""4afc763c-033e-501c-9c9c-453207d31e62"",""76216ff6-0dab-5f43-913f-741c2deb7596"",""b9ac296e-4c6c-5cdc-9e03-14868c124af2"",""022ddff9-4332-5ba5-b884-42537f220a0c"",""616ecfda-7163-5a8d-ba60-01f623d8b124"",""e97a5398-37b9-5e89-91a9-9b3ae48d9534"",""aa66f5e3-ac0e-57d6-9b69-aa54ea7c4fb9"",""d07b7490-853e-562b-b662-305e89e7718d"",""2e126757-f17e-5ee2-93db-94d31ed944b2"",""a3a03b99-34c0-504b-b529-32b798db318a"",""8b3ec7b0-123f-5597-95f7-1fafc5810d01"",""035c5442-19b8-5a84-8a59-b352a9660279""]","[""4afc763c-033e-501c-9c9c-453207d31e62"",""76216ff6-0dab-5f43-913f-741c2deb7596"",""b9ac296e-4c6c-5cdc-9e03-14868c124af2"",""022ddff9-4332-5ba5-b884-42537f220a0c"",""616ecfda-7163-5a8d-ba60-01f623d8b124"",""e97a5398-37b9-5e89-91a9-9b3ae48d9534"",""aa66f5e3-ac0e-57d6-9b69-aa54ea7c4fb9"",""d07b7490-853e-562b-b662-305e89e7718d"",""2e126757-f17e-5ee2-93db-94d31ed944b2"",""a3a03b99-34c0-504b-b529-32b798db318a"",""8b3ec7b0-123f-5597-95f7-1fafc5810d01"",""035c5442-19b8-5a84-8a59-b352a9660279""]",[],[],"[""022ddff9-4332-5ba5-b884-42537f220a0c"",""616ecfda-7163-5a8d-ba60-01f623d8b124"",""8b3ec7b0-123f-5597-95f7-1fafc5810d01""]","[""022ddff9-4332-5ba5-b884-42537f220a0c"",""616ecfda-7163-5a8d-ba60-01f623d8b124"",""8b3ec7b0-123f-5597-95f7-1fafc5810d01""]",[],[],"[""4afc763c-033e-501c-9c9c-453207d31e62"",""aa66f5e3-ac0e-57d6-9b69-aa54ea7c4fb9"",""2e126757-f17e-5ee2-93db-94d31ed944b2""]","[""4afc763c-033e-501c-9c9c-453207d31e62"",""aa66f5e3-ac0e-57d6-9b69-aa54ea7c4fb9"",""2e126757-f17e-5ee2-93db-94d31ed944b2""]",[],[],"[""76216ff6-0dab-5f43-913f-741c2deb7596"",""d07b7490-853e-562b-b662-305e89e7718d"",""a3a03b99-34c0-504b-b529-32b798db318a""]","[""76216ff6-0dab-5f43-913f-741c2deb7596"",""d07b7490-853e-562b-b662-305e89e7718d"",""a3a03b99-34c0-504b-b529-32b798db318a""]",[],[],"[""b9ac296e-4c6c-5cdc-9e03-14868c124af2"",""e97a5398-37b9-5e89-91a9-9b3ae48d9534"",""035c5442-19b8-5a84-8a59-b352a9660279""]","[""b9ac296e-4c6c-5cdc-9e03-14868c124af2"",""e97a5398-37b9-5e89-91a9-9b3ae48d9534"",""035c5442-19b8-5a84-8a59-b352a9660279""]",values:E-AB,E-AB · F-Einzelwerte,3,planned_run,3,3,aa66f5e3-ac0e-57d6-9b69-aa54ea7c4fb9,23,used,45b5c191-572f-41e1-9a62-6da4ab5295c7,Messwert verwendet,planned_run_per_population_group,True
M7-analysis-v5,f9faff59-3259-5804-8713-ca7f4006c343,2,c2ae86ee09cf1df8b2844bc92fba16af9688fb72d9e444914a158477a66877b8,E-BA,c95570638786f34bdf300259908c703357f319349529bd0f72711c0b41f6d98a,bcba9767-41cd-49d9-aa5e-687d9d4d0032,dbb63e68d4ed9e904fa985aa5b88d674205b6caab086a8d981ac8918a9c68fb5,[],[],"[""4afc763c-033e-501c-9c9c-453207d31e62"",""76216ff6-0dab-5f43-913f-741c2deb7596"",""b9ac296e-4c6c-5cdc-9e03-14868c124af2"",""022ddff9-4332-5ba5-b884-42537f220a0c"",""616ecfda-7163-5a8d-ba60-01f623d8b124"",""e97a5398-37b9-5e89-91a9-9b3ae48d9534"",""aa66f5e3-ac0e-57d6-9b69-aa54ea7c4fb9"",""d07b7490-853e-562b-b662-305e89e7718d"",""2e126757-f17e-5ee2-93db-94d31ed944b2"",""a3a03b99-34c0-504b-b529-32b798db318a"",""8b3ec7b0-123f-5597-95f7-1fafc5810d01"",""035c5442-19b8-5a84-8a59-b352a9660279""]","[""4afc763c-033e-501c-9c9c-453207d31e62"",""76216ff6-0dab-5f43-913f-741c2deb7596"",""b9ac296e-4c6c-5cdc-9e03-14868c124af2"",""022ddff9-4332-5ba5-b884-42537f220a0c"",""616ecfda-7163-5a8d-ba60-01f623d8b124"",""e97a5398-37b9-5e89-91a9-9b3ae48d9534"",""aa66f5e3-ac0e-57d6-9b69-aa54ea7c4fb9"",""d07b7490-853e-562b-b662-305e89e7718d"",""2e126757-f17e-5ee2-93db-94d31ed944b2"",""a3a03b99-34c0-504b-b529-32b798db318a"",""8b3ec7b0-123f-5597-95f7-1fafc5810d01"",""035c5442-19b8-5a84-8a59-b352a9660279""]",[],[],"[""022ddff9-4332-5ba5-b884-42537f220a0c"",""616ecfda-7163-5a8d-ba60-01f623d8b124"",""8b3ec7b0-123f-5597-95f7-1fafc5810d01""]","[""022ddff9-4332-5ba5-b884-42537f220a0c"",""616ecfda-7163-5a8d-ba60-01f623d8b124"",""8b3ec7b0-123f-5597-95f7-1fafc5810d01""]",[],[],"[""4afc763c-033e-501c-9c9c-453207d31e62"",""aa66f5e3-ac0e-57d6-9b69-aa54ea7c4fb9"",""2e126757-f17e-5ee2-93db-94d31ed944b2""]","[""4afc763c-033e-501c-9c9c-453207d31e62"",""aa66f5e3-ac0e-57d6-9b69-aa54ea7c4fb9"",""2e126757-f17e-5ee2-93db-94d31ed944b2""]",[],[],"[""76216ff6-0dab-5f43-913f-741c2deb7596"",""d07b7490-853e-562b-b662-305e89e7718d"",""a3a03b99-34c0-504b-b529-32b798db318a""]","[""76216ff6-0dab-5f43-913f-741c2deb7596"",""d07b7490-853e-562b-b662-305e89e7718d"",""a3a03b99-34c0-504b-b529-32b798db318a""]",[],[],"[""b9ac296e-4c6c-5cdc-9e03-14868c124af2"",""e97a5398-37b9-5e89-91a9-9b3ae48d9534"",""035c5442-19b8-5a84-8a59-b352a9660279""]","[""b9ac296e-4c6c-5cdc-9e03-14868c124af2"",""e97a5398-37b9-5e89-91a9-9b3ae48d9534"",""035c5442-19b8-5a84-8a59-b352a9660279""]",quartets,Verbundene vollständige Vierergruppen,3,complete_exploratory_quartet,12,12,d07b7490-853e-562b-b662-305e89e7718d,24,used,9f907633-e873-4994-a488-fbac89398069,Messwert verwendet,planned_run_per_population_group,True
M7-analysis-v5,f9faff59-3259-5804-8713-ca7f4006c343,2,c2ae86ee09cf1df8b2844bc92fba16af9688fb72d9e444914a158477a66877b8,E-BA,c95570638786f34bdf300259908c703357f319349529bd0f72711c0b41f6d98a,bcba9767-41cd-49d9-aa5e-687d9d4d0032,dbb63e68d4ed9e904fa985aa5b88d674205b6caab086a8d981ac8918a9c68fb5,[],[],"[""4afc763c-033e-501c-9c9c-453207d31e62"",""76216ff6-0dab-5f43-913f-741c2deb7596"",""b9ac296e-4c6c-5cdc-9e03-14868c124af2"",""022ddff9-4332-5ba5-b884-42537f220a0c"",""616ecfda-7163-5a8d-ba60-01f623d8b124"",""e97a5398-37b9-5e89-91a9-9b3ae48d9534"",""aa66f5e3-ac0e-57d6-9b69-aa54ea7c4fb9"",""d07b7490-853e-562b-b662-305e89e7718d"",""2e126757-f17e-5ee2-93db-94d31ed944b2"",""a3a03b99-34c0-504b-b529-32b798db318a"",""8b3ec7b0-123f-5597-95f7-1fafc5810d01"",""035c5442-19b8-5a84-8a59-b352a9660279""]","[""4afc763c-033e-501c-9c9c-453207d31e62"",""76216ff6-0dab-5f43-913f-741c2deb7596"",""b9ac296e-4c6c-5cdc-9e03-14868c124af2"",""022ddff9-4332-5ba5-b884-42537f220a0c"",""616ecfda-7163-5a8d-ba60-01f623d8b124"",""e97a5398-37b9-5e89-91a9-9b3ae48d9534"",""aa66f5e3-ac0e-57d6-9b69-aa54ea7c4fb9"",""d07b7490-853e-562b-b662-305e89e7718d"",""2e126757-f17e-5ee2-93db-94d31ed944b2"",""a3a03b99-34c0-504b-b529-32b798db318a"",""8b3ec7b0-123f-5597-95f7-1fafc5810d01"",""035c5442-19b8-5a84-8a59-b352a9660279""]",[],[],"[""022ddff9-4332-5ba5-b884-42537f220a0c"",""616ecfda-7163-5a8d-ba60-01f623d8b124"",""8b3ec7b0-123f-5597-95f7-1fafc5810d01""]","[""022ddff9-4332-5ba5-b884-42537f220a0c"",""616ecfda-7163-5a8d-ba60-01f623d8b124"",""8b3ec7b0-123f-5597-95f7-1fafc5810d01""]",[],[],"[""4afc763c-033e-501c-9c9c-453207d31e62"",""aa66f5e3-ac0e-57d6-9b69-aa54ea7c4fb9"",""2e126757-f17e-5ee2-93db-94d31ed944b2""]","[""4afc763c-033e-501c-9c9c-453207d31e62"",""aa66f5e3-ac0e-57d6-9b69-aa54ea7c4fb9"",""2e126757-f17e-5ee2-93db-94d31ed944b2""]",[],[],"[""76216ff6-0dab-5f43-913f-741c2deb7596"",""d07b7490-853e-562b-b662-305e89e7718d"",""a3a03b99-34c0-504b-b529-32b798db318a""]","[""76216ff6-0dab-5f43-913f-741c2deb7596"",""d07b7490-853e-562b-b662-305e89e7718d"",""a3a03b99-34c0-504b-b529-32b798db318a""]",[],[],"[""b9ac296e-4c6c-5cdc-9e03-14868c124af2"",""e97a5398-37b9-5e89-91a9-9b3ae48d9534"",""035c5442-19b8-5a84-8a59-b352a9660279""]","[""b9ac296e-4c6c-5cdc-9e03-14868c124af2"",""e97a5398-37b9-5e89-91a9-9b3ae48d9534"",""035c5442-19b8-5a84-8a59-b352a9660279""]",values:E-BA,E-BA · F-Einzelwerte,3,planned_run,3,3,d07b7490-853e-562b-b662-305e89e7718d,24,used,9f907633-e873-4994-a488-fbac89398069,Messwert verwendet,planned_run_per_population_group,True
M7-analysis-v5,0c44d85c-d8d9-572f-b0cb-1e52983adc6c,3,30ec3a4367a06009151d9059514c4757403bfd6edf6efc78c899b6a5e7e6e751,E-AB,e1ea2ccf80fbb81f94b29b70bdd06508e2b9419500b1ca0ecfd5317a4540e358,37d46947-813a-4296-a328-81c505b1dba7,dbb63e68d4ed9e904fa985aa5b88d674205b6caab086a8d981ac8918a9c68fb5,[],[],"[""4afc763c-033e-501c-9c9c-453207d31e62"",""76216ff6-0dab-5f43-913f-741c2deb7596"",""b9ac296e-4c6c-5cdc-9e03-14868c124af2"",""022ddff9-4332-5ba5-b884-42537f220a0c"",""616ecfda-7163-5a8d-ba60-01f623d8b124"",""e97a5398-37b9-5e89-91a9-9b3ae48d9534"",""aa66f5e3-ac0e-57d6-9b69-aa54ea7c4fb9"",""d07b7490-853e-562b-b662-305e89e7718d"",""2e126757-f17e-5ee2-93db-94d31ed944b2"",""a3a03b99-34c0-504b-b529-32b798db318a"",""8b3ec7b0-123f-5597-95f7-1fafc5810d01"",""035c5442-19b8-5a84-8a59-b352a9660279""]","[""4afc763c-033e-501c-9c9c-453207d31e62"",""76216ff6-0dab-5f43-913f-741c2deb7596"",""b9ac296e-4c6c-5cdc-9e03-14868c124af2"",""022ddff9-4332-5ba5-b884-42537f220a0c"",""616ecfda-7163-5a8d-ba60-01f623d8b124"",""e97a5398-37b9-5e89-91a9-9b3ae48d9534"",""aa66f5e3-ac0e-57d6-9b69-aa54ea7c4fb9"",""d07b7490-853e-562b-b662-305e89e7718d"",""2e126757-f17e-5ee2-93db-94d31ed944b2"",""a3a03b99-34c0-504b-b529-32b798db318a"",""8b3ec7b0-123f-5597-95f7-1fafc5810d01"",""035c5442-19b8-5a84-8a59-b352a9660279""]",[],[],"[""022ddff9-4332-5ba5-b884-42537f220a0c"",""616ecfda-7163-5a8d-ba60-01f623d8b124"",""8b3ec7b0-123f-5597-95f7-1fafc5810d01""]","[""022ddff9-4332-5ba5-b884-42537f220a0c"",""616ecfda-7163-5a8d-ba60-01f623d8b124"",""8b3ec7b0-123f-5597-95f7-1fafc5810d01""]",[],[],"[""4afc763c-033e-501c-9c9c-453207d31e62"",""aa66f5e3-ac0e-57d6-9b69-aa54ea7c4fb9"",""2e126757-f17e-5ee2-93db-94d31ed944b2""]","[""4afc763c-033e-501c-9c9c-453207d31e62"",""aa66f5e3-ac0e-57d6-9b69-aa54ea7c4fb9"",""2e126757-f17e-5ee2-93db-94d31ed944b2""]",[],[],"[""76216ff6-0dab-5f43-913f-741c2deb7596"",""d07b7490-853e-562b-b662-305e89e7718d"",""a3a03b99-34c0-504b-b529-32b798db318a""]","[""76216ff6-0dab-5f43-913f-741c2deb7596"",""d07b7490-853e-562b-b662-305e89e7718d"",""a3a03b99-34c0-504b-b529-32b798db318a""]",[],[],"[""b9ac296e-4c6c-5cdc-9e03-14868c124af2"",""e97a5398-37b9-5e89-91a9-9b3ae48d9534"",""035c5442-19b8-5a84-8a59-b352a9660279""]","[""b9ac296e-4c6c-5cdc-9e03-14868c124af2"",""e97a5398-37b9-5e89-91a9-9b3ae48d9534"",""035c5442-19b8-5a84-8a59-b352a9660279""]",quartets,Verbundene vollständige Vierergruppen,3,complete_exploratory_quartet,12,12,2e126757-f17e-5ee2-93db-94d31ed944b2,27,used,0632a29b-5323-438e-b5d0-c2937d420d5d,Messwert verwendet,planned_run_per_population_group,True
M7-analysis-v5,0c44d85c-d8d9-572f-b0cb-1e52983adc6c,3,30ec3a4367a06009151d9059514c4757403bfd6edf6efc78c899b6a5e7e6e751,E-AB,e1ea2ccf80fbb81f94b29b70bdd06508e2b9419500b1ca0ecfd5317a4540e358,37d46947-813a-4296-a328-81c505b1dba7,dbb63e68d4ed9e904fa985aa5b88d674205b6caab086a8d981ac8918a9c68fb5,[],[],"[""4afc763c-033e-501c-9c9c-453207d31e62"",""76216ff6-0dab-5f43-913f-741c2deb7596"",""b9ac296e-4c6c-5cdc-9e03-14868c124af2"",""022ddff9-4332-5ba5-b884-42537f220a0c"",""616ecfda-7163-5a8d-ba60-01f623d8b124"",""e97a5398-37b9-5e89-91a9-9b3ae48d9534"",""aa66f5e3-ac0e-57d6-9b69-aa54ea7c4fb9"",""d07b7490-853e-562b-b662-305e89e7718d"",""2e126757-f17e-5ee2-93db-94d31ed944b2"",""a3a03b99-34c0-504b-b529-32b798db318a"",""8b3ec7b0-123f-5597-95f7-1fafc5810d01"",""035c5442-19b8-5a84-8a59-b352a9660279""]","[""4afc763c-033e-501c-9c9c-453207d31e62"",""76216ff6-0dab-5f43-913f-741c2deb7596"",""b9ac296e-4c6c-5cdc-9e03-14868c124af2"",""022ddff9-4332-5ba5-b884-42537f220a0c"",""616ecfda-7163-5a8d-ba60-01f623d8b124"",""e97a5398-37b9-5e89-91a9-9b3ae48d9534"",""aa66f5e3-ac0e-57d6-9b69-aa54ea7c4fb9"",""d07b7490-853e-562b-b662-305e89e7718d"",""2e126757-f17e-5ee2-93db-94d31ed944b2"",""a3a03b99-34c0-504b-b529-32b798db318a"",""8b3ec7b0-123f-5597-95f7-1fafc5810d01"",""035c5442-19b8-5a84-8a59-b352a9660279""]",[],[],"[""022ddff9-4332-5ba5-b884-42537f220a0c"",""616ecfda-7163-5a8d-ba60-01f623d8b124"",""8b3ec7b0-123f-5597-95f7-1fafc5810d01""]","[""022ddff9-4332-5ba5-b884-42537f220a0c"",""616ecfda-7163-5a8d-ba60-01f623d8b124"",""8b3ec7b0-123f-5597-95f7-1fafc5810d01""]",[],[],"[""4afc763c-033e-501c-9c9c-453207d31e62"",""aa66f5e3-ac0e-57d6-9b69-aa54ea7c4fb9"",""2e126757-f17e-5ee2-93db-94d31ed944b2""]","[""4afc763c-033e-501c-9c9c-453207d31e62"",""aa66f5e3-ac0e-57d6-9b69-aa54ea7c4fb9"",""2e126757-f17e-5ee2-93db-94d31ed944b2""]",[],[],"[""76216ff6-0dab-5f43-913f-741c2deb7596"",""d07b7490-853e-562b-b662-305e89e7718d"",""a3a03b99-34c0-504b-b529-32b798db318a""]","[""76216ff6-0dab-5f43-913f-741c2deb7596"",""d07b7490-853e-562b-b662-305e89e7718d"",""a3a03b99-34c0-504b-b529-32b798db318a""]",[],[],"[""b9ac296e-4c6c-5cdc-9e03-14868c124af2"",""e97a5398-37b9-5e89-91a9-9b3ae48d9534"",""035c5442-19b8-5a84-8a59-b352a9660279""]","[""b9ac296e-4c6c-5cdc-9e03-14868c124af2"",""e97a5398-37b9-5e89-91a9-9b3ae48d9534"",""035c5442-19b8-5a84-8a59-b352a9660279""]",values:E-AB,E-AB · F-Einzelwerte,3,planned_run,3,3,2e126757-f17e-5ee2-93db-94d31ed944b2,27,used,0632a29b-5323-438e-b5d0-c2937d420d5d,Messwert verwendet,planned_run_per_population_group,True
M7-analysis-v5,0c44d85c-d8d9-572f-b0cb-1e52983adc6c,3,5f187b71962c8fc43f0c431196239ba2c422245270ebb8b46072e8c1312dd8ca,E-BA,c95570638786f34bdf300259908c703357f319349529bd0f72711c0b41f6d98a,bcba9767-41cd-49d9-aa5e-687d9d4d0032,dbb63e68d4ed9e904fa985aa5b88d674205b6caab086a8d981ac8918a9c68fb5,[],[],"[""4afc763c-033e-501c-9c9c-453207d31e62"",""76216ff6-0dab-5f43-913f-741c2deb7596"",""b9ac296e-4c6c-5cdc-9e03-14868c124af2"",""022ddff9-4332-5ba5-b884-42537f220a0c"",""616ecfda-7163-5a8d-ba60-01f623d8b124"",""e97a5398-37b9-5e89-91a9-9b3ae48d9534"",""aa66f5e3-ac0e-57d6-9b69-aa54ea7c4fb9"",""d07b7490-853e-562b-b662-305e89e7718d"",""2e126757-f17e-5ee2-93db-94d31ed944b2"",""a3a03b99-34c0-504b-b529-32b798db318a"",""8b3ec7b0-123f-5597-95f7-1fafc5810d01"",""035c5442-19b8-5a84-8a59-b352a9660279""]","[""4afc763c-033e-501c-9c9c-453207d31e62"",""76216ff6-0dab-5f43-913f-741c2deb7596"",""b9ac296e-4c6c-5cdc-9e03-14868c124af2"",""022ddff9-4332-5ba5-b884-42537f220a0c"",""616ecfda-7163-5a8d-ba60-01f623d8b124"",""e97a5398-37b9-5e89-91a9-9b3ae48d9534"",""aa66f5e3-ac0e-57d6-9b69-aa54ea7c4fb9"",""d07b7490-853e-562b-b662-305e89e7718d"",""2e126757-f17e-5ee2-93db-94d31ed944b2"",""a3a03b99-34c0-504b-b529-32b798db318a"",""8b3ec7b0-123f-5597-95f7-1fafc5810d01"",""035c5442-19b8-5a84-8a59-b352a9660279""]",[],[],"[""022ddff9-4332-5ba5-b884-42537f220a0c"",""616ecfda-7163-5a8d-ba60-01f623d8b124"",""8b3ec7b0-123f-5597-95f7-1fafc5810d01""]","[""022ddff9-4332-5ba5-b884-42537f220a0c"",""616ecfda-7163-5a8d-ba60-01f623d8b124"",""8b3ec7b0-123f-5597-95f7-1fafc5810d01""]",[],[],"[""4afc763c-033e-501c-9c9c-453207d31e62"",""aa66f5e3-ac0e-57d6-9b69-aa54ea7c4fb9"",""2e126757-f17e-5ee2-93db-94d31ed944b2""]","[""4afc763c-033e-501c-9c9c-453207d31e62"",""aa66f5e3-ac0e-57d6-9b69-aa54ea7c4fb9"",""2e126757-f17e-5ee2-93db-94d31ed944b2""]",[],[],"[""76216ff6-0dab-5f43-913f-741c2deb7596"",""d07b7490-853e-562b-b662-305e89e7718d"",""a3a03b99-34c0-504b-b529-32b798db318a""]","[""76216ff6-0dab-5f43-913f-741c2deb7596"",""d07b7490-853e-562b-b662-305e89e7718d"",""a3a03b99-34c0-504b-b529-32b798db318a""]",[],[],"[""b9ac296e-4c6c-5cdc-9e03-14868c124af2"",""e97a5398-37b9-5e89-91a9-9b3ae48d9534"",""035c5442-19b8-5a84-8a59-b352a9660279""]","[""b9ac296e-4c6c-5cdc-9e03-14868c124af2"",""e97a5398-37b9-5e89-91a9-9b3ae48d9534"",""035c5442-19b8-5a84-8a59-b352a9660279""]",quartets,Verbundene vollständige Vierergruppen,3,complete_exploratory_quartet,12,12,a3a03b99-34c0-504b-b529-32b798db318a,33,used,edc938ec-9bf1-48cf-8cef-6f6a5b20ad29,Messwert verwendet,planned_run_per_population_group,True
M7-analysis-v5,0c44d85c-d8d9-572f-b0cb-1e52983adc6c,3,5f187b71962c8fc43f0c431196239ba2c422245270ebb8b46072e8c1312dd8ca,E-BA,c95570638786f34bdf300259908c703357f319349529bd0f72711c0b41f6d98a,bcba9767-41cd-49d9-aa5e-687d9d4d0032,dbb63e68d4ed9e904fa985aa5b88d674205b6caab086a8d981ac8918a9c68fb5,[],[],"[""4afc763c-033e-501c-9c9c-453207d31e62"",""76216ff6-0dab-5f43-913f-741c2deb7596"",""b9ac296e-4c6c-5cdc-9e03-14868c124af2"",""022ddff9-4332-5ba5-b884-42537f220a0c"",""616ecfda-7163-5a8d-ba60-01f623d8b124"",""e97a5398-37b9-5e89-91a9-9b3ae48d9534"",""aa66f5e3-ac0e-57d6-9b69-aa54ea7c4fb9"",""d07b7490-853e-562b-b662-305e89e7718d"",""2e126757-f17e-5ee2-93db-94d31ed944b2"",""a3a03b99-34c0-504b-b529-32b798db318a"",""8b3ec7b0-123f-5597-95f7-1fafc5810d01"",""035c5442-19b8-5a84-8a59-b352a9660279""]","[""4afc763c-033e-501c-9c9c-453207d31e62"",""76216ff6-0dab-5f43-913f-741c2deb7596"",""b9ac296e-4c6c-5cdc-9e03-14868c124af2"",""022ddff9-4332-5ba5-b884-42537f220a0c"",""616ecfda-7163-5a8d-ba60-01f623d8b124"",""e97a5398-37b9-5e89-91a9-9b3ae48d9534"",""aa66f5e3-ac0e-57d6-9b69-aa54ea7c4fb9"",""d07b7490-853e-562b-b662-305e89e7718d"",""2e126757-f17e-5ee2-93db-94d31ed944b2"",""a3a03b99-34c0-504b-b529-32b798db318a"",""8b3ec7b0-123f-5597-95f7-1fafc5810d01"",""035c5442-19b8-5a84-8a59-b352a9660279""]",[],[],"[""022ddff9-4332-5ba5-b884-42537f220a0c"",""616ecfda-7163-5a8d-ba60-01f623d8b124"",""8b3ec7b0-123f-5597-95f7-1fafc5810d01""]","[""022ddff9-4332-5ba5-b884-42537f220a0c"",""616ecfda-7163-5a8d-ba60-01f623d8b124"",""8b3ec7b0-123f-5597-95f7-1fafc5810d01""]",[],[],"[""4afc763c-033e-501c-9c9c-453207d31e62"",""aa66f5e3-ac0e-57d6-9b69-aa54ea7c4fb9"",""2e126757-f17e-5ee2-93db-94d31ed944b2""]","[""4afc763c-033e-501c-9c9c-453207d31e62"",""aa66f5e3-ac0e-57d6-9b69-aa54ea7c4fb9"",""2e126757-f17e-5ee2-93db-94d31ed944b2""]",[],[],"[""76216ff6-0dab-5f43-913f-741c2deb7596"",""d07b7490-853e-562b-b662-305e89e7718d"",""a3a03b99-34c0-504b-b529-32b798db318a""]","[""76216ff6-0dab-5f43-913f-741c2deb7596"",""d07b7490-853e-562b-b662-305e89e7718d"",""a3a03b99-34c0-504b-b529-32b798db318a""]",[],[],"[""b9ac296e-4c6c-5cdc-9e03-14868c124af2"",""e97a5398-37b9-5e89-91a9-9b3ae48d9534"",""035c5442-19b8-5a84-8a59-b352a9660279""]","[""b9ac296e-4c6c-5cdc-9e03-14868c124af2"",""e97a5398-37b9-5e89-91a9-9b3ae48d9534"",""035c5442-19b8-5a84-8a59-b352a9660279""]",values:E-BA,E-BA · F-Einzelwerte,3,planned_run,3,3,a3a03b99-34c0-504b-b529-32b798db318a,33,used,edc938ec-9bf1-48cf-8cef-6f6a5b20ad29,Messwert verwendet,planned_run_per_population_group,True
M7-analysis-v5,0c44d85c-d8d9-572f-b0cb-1e52983adc6c,3,5b543ea7abc08ec54717d24b23b424f4c9147a8e7c70489cdbcf04fdfbfdd696,C-SQL-1,27b8151da86242809dca0369f6ae8205b3d9e19866f42442c95f91863350f15a,6f7f3a3c-8647-488b-b587-d1d430125ce9,dbb63e68d4ed9e904fa985aa5b88d674205b6caab086a8d981ac8918a9c68fb5,[],[],"[""4afc763c-033e-501c-9c9c-453207d31e62"",""76216ff6-0dab-5f43-913f-741c2deb7596"",""b9ac296e-4c6c-5cdc-9e03-14868c124af2"",""022ddff9-4332-5ba5-b884-42537f220a0c"",""616ecfda-7163-5a8d-ba60-01f623d8b124"",""e97a5398-37b9-5e89-91a9-9b3ae48d9534"",""aa66f5e3-ac0e-57d6-9b69-aa54ea7c4fb9"",""d07b7490-853e-562b-b662-305e89e7718d"",""2e126757-f17e-5ee2-93db-94d31ed944b2"",""a3a03b99-34c0-504b-b529-32b798db318a"",""8b3ec7b0-123f-5597-95f7-1fafc5810d01"",""035c5442-19b8-5a84-8a59-b352a9660279""]","[""4afc763c-033e-501c-9c9c-453207d31e62"",""76216ff6-0dab-5f43-913f-741c2deb7596"",""b9ac296e-4c6c-5cdc-9e03-14868c124af2"",""022ddff9-4332-5ba5-b884-42537f220a0c"",""616ecfda-7163-5a8d-ba60-01f623d8b124"",""e97a5398-37b9-5e89-91a9-9b3ae48d9534"",""aa66f5e3-ac0e-57d6-9b69-aa54ea7c4fb9"",""d07b7490-853e-562b-b662-305e89e7718d"",""2e126757-f17e-5ee2-93db-94d31ed944b2"",""a3a03b99-34c0-504b-b529-32b798db318a"",""8b3ec7b0-123f-5597-95f7-1fafc5810d01"",""035c5442-19b8-5a84-8a59-b352a9660279""]",[],[],"[""022ddff9-4332-5ba5-b884-42537f220a0c"",""616ecfda-7163-5a8d-ba60-01f623d8b124"",""8b3ec7b0-123f-5597-95f7-1fafc5810d01""]","[""022ddff9-4332-5ba5-b884-42537f220a0c"",""616ecfda-7163-5a8d-ba60-01f623d8b124"",""8b3ec7b0-123f-5597-95f7-1fafc5810d01""]",[],[],"[""4afc763c-033e-501c-9c9c-453207d31e62"",""aa66f5e3-ac0e-57d6-9b69-aa54ea7c4fb9"",""2e126757-f17e-5ee2-93db-94d31ed944b2""]","[""4afc763c-033e-501c-9c9c-453207d31e62"",""aa66f5e3-ac0e-57d6-9b69-aa54ea7c4fb9"",""2e126757-f17e-5ee2-93db-94d31ed944b2""]",[],[],"[""76216ff6-0dab-5f43-913f-741c2deb7596"",""d07b7490-853e-562b-b662-305e89e7718d"",""a3a03b99-34c0-504b-b529-32b798db318a""]","[""76216ff6-0dab-5f43-913f-741c2deb7596"",""d07b7490-853e-562b-b662-305e89e7718d"",""a3a03b99-34c0-504b-b529-32b798db318a""]",[],[],"[""b9ac296e-4c6c-5cdc-9e03-14868c124af2"",""e97a5398-37b9-5e89-91a9-9b3ae48d9534"",""035c5442-19b8-5a84-8a59-b352a9660279""]","[""b9ac296e-4c6c-5cdc-9e03-14868c124af2"",""e97a5398-37b9-5e89-91a9-9b3ae48d9534"",""035c5442-19b8-5a84-8a59-b352a9660279""]",quartets,Verbundene vollständige Vierergruppen,3,complete_exploratory_quartet,12,12,8b3ec7b0-123f-5597-95f7-1fafc5810d01,34,used,0cc540ca-a9db-4a2a-982e-99e203d674e1,Messwert verwendet,planned_run_per_population_group,True
M7-analysis-v5,0c44d85c-d8d9-572f-b0cb-1e52983adc6c,3,5b543ea7abc08ec54717d24b23b424f4c9147a8e7c70489cdbcf04fdfbfdd696,C-SQL-1,27b8151da86242809dca0369f6ae8205b3d9e19866f42442c95f91863350f15a,6f7f3a3c-8647-488b-b587-d1d430125ce9,dbb63e68d4ed9e904fa985aa5b88d674205b6caab086a8d981ac8918a9c68fb5,[],[],"[""4afc763c-033e-501c-9c9c-453207d31e62"",""76216ff6-0dab-5f43-913f-741c2deb7596"",""b9ac296e-4c6c-5cdc-9e03-14868c124af2"",""022ddff9-4332-5ba5-b884-42537f220a0c"",""616ecfda-7163-5a8d-ba60-01f623d8b124"",""e97a5398-37b9-5e89-91a9-9b3ae48d9534"",""aa66f5e3-ac0e-57d6-9b69-aa54ea7c4fb9"",""d07b7490-853e-562b-b662-305e89e7718d"",""2e126757-f17e-5ee2-93db-94d31ed944b2"",""a3a03b99-34c0-504b-b529-32b798db318a"",""8b3ec7b0-123f-5597-95f7-1fafc5810d01"",""035c5442-19b8-5a84-8a59-b352a9660279""]","[""4afc763c-033e-501c-9c9c-453207d31e62"",""76216ff6-0dab-5f43-913f-741c2deb7596"",""b9ac296e-4c6c-5cdc-9e03-14868c124af2"",""022ddff9-4332-5ba5-b884-42537f220a0c"",""616ecfda-7163-5a8d-ba60-01f623d8b124"",""e97a5398-37b9-5e89-91a9-9b3ae48d9534"",""aa66f5e3-ac0e-57d6-9b69-aa54ea7c4fb9"",""d07b7490-853e-562b-b662-305e89e7718d"",""2e126757-f17e-5ee2-93db-94d31ed944b2"",""a3a03b99-34c0-504b-b529-32b798db318a"",""8b3ec7b0-123f-5597-95f7-1fafc5810d01"",""035c5442-19b8-5a84-8a59-b352a9660279""]",[],[],"[""022ddff9-4332-5ba5-b884-42537f220a0c"",""616ecfda-7163-5a8d-ba60-01f623d8b124"",""8b3ec7b0-123f-5597-95f7-1fafc5810d01""]","[""022ddff9-4332-5ba5-b884-42537f220a0c"",""616ecfda-7163-5a8d-ba60-01f623d8b124"",""8b3ec7b0-123f-5597-95f7-1fafc5810d01""]",[],[],"[""4afc763c-033e-501c-9c9c-453207d31e62"",""aa66f5e3-ac0e-57d6-9b69-aa54ea7c4fb9"",""2e126757-f17e-5ee2-93db-94d31ed944b2""]","[""4afc763c-033e-501c-9c9c-453207d31e62"",""aa66f5e3-ac0e-57d6-9b69-aa54ea7c4fb9"",""2e126757-f17e-5ee2-93db-94d31ed944b2""]",[],[],"[""76216ff6-0dab-5f43-913f-741c2deb7596"",""d07b7490-853e-562b-b662-305e89e7718d"",""a3a03b99-34c0-504b-b529-32b798db318a""]","[""76216ff6-0dab-5f43-913f-741c2deb7596"",""d07b7490-853e-562b-b662-305e89e7718d"",""a3a03b99-34c0-504b-b529-32b798db318a""]",[],[],"[""b9ac296e-4c6c-5cdc-9e03-14868c124af2"",""e97a5398-37b9-5e89-91a9-9b3ae48d9534"",""035c5442-19b8-5a84-8a59-b352a9660279""]","[""b9ac296e-4c6c-5cdc-9e03-14868c124af2"",""e97a5398-37b9-5e89-91a9-9b3ae48d9534"",""035c5442-19b8-5a84-8a59-b352a9660279""]",values:C-SQL-1,C-SQL-1 · F-Einzelwerte,3,planned_run,3,3,8b3ec7b0-123f-5597-95f7-1fafc5810d01,34,used,0cc540ca-a9db-4a2a-982e-99e203d674e1,Messwert verwendet,planned_run_per_population_group,True
M7-analysis-v5,0c44d85c-d8d9-572f-b0cb-1e52983adc6c,3,6911cdc858aa79c2c07111aa648bb7962d234961be7ce229045171034d4c13b9,E-BB,b26081b6041d83b27d357511d1cbaa4be007a74fd351a784a31834412284db93,26c9e1ce-c552-46f9-9d50-4cc6179591a3,dbb63e68d4ed9e904fa985aa5b88d674205b6caab086a8d981ac8918a9c68fb5,[],[],"[""4afc763c-033e-501c-9c9c-453207d31e62"",""76216ff6-0dab-5f43-913f-741c2deb7596"",""b9ac296e-4c6c-5cdc-9e03-14868c124af2"",""022ddff9-4332-5ba5-b884-42537f220a0c"",""616ecfda-7163-5a8d-ba60-01f623d8b124"",""e97a5398-37b9-5e89-91a9-9b3ae48d9534"",""aa66f5e3-ac0e-57d6-9b69-aa54ea7c4fb9"",""d07b7490-853e-562b-b662-305e89e7718d"",""2e126757-f17e-5ee2-93db-94d31ed944b2"",""a3a03b99-34c0-504b-b529-32b798db318a"",""8b3ec7b0-123f-5597-95f7-1fafc5810d01"",""035c5442-19b8-5a84-8a59-b352a9660279""]","[""4afc763c-033e-501c-9c9c-453207d31e62"",""76216ff6-0dab-5f43-913f-741c2deb7596"",""b9ac296e-4c6c-5cdc-9e03-14868c124af2"",""022ddff9-4332-5ba5-b884-42537f220a0c"",""616ecfda-7163-5a8d-ba60-01f623d8b124"",""e97a5398-37b9-5e89-91a9-9b3ae48d9534"",""aa66f5e3-ac0e-57d6-9b69-aa54ea7c4fb9"",""d07b7490-853e-562b-b662-305e89e7718d"",""2e126757-f17e-5ee2-93db-94d31ed944b2"",""a3a03b99-34c0-504b-b529-32b798db318a"",""8b3ec7b0-123f-5597-95f7-1fafc5810d01"",""035c5442-19b8-5a84-8a59-b352a9660279""]",[],[],"[""022ddff9-4332-5ba5-b884-42537f220a0c"",""616ecfda-7163-5a8d-ba60-01f623d8b124"",""8b3ec7b0-123f-5597-95f7-1fafc5810d01""]","[""022ddff9-4332-5ba5-b884-42537f220a0c"",""616ecfda-7163-5a8d-ba60-01f623d8b124"",""8b3ec7b0-123f-5597-95f7-1fafc5810d01""]",[],[],"[""4afc763c-033e-501c-9c9c-453207d31e62"",""aa66f5e3-ac0e-57d6-9b69-aa54ea7c4fb9"",""2e126757-f17e-5ee2-93db-94d31ed944b2""]","[""4afc763c-033e-501c-9c9c-453207d31e62"",""aa66f5e3-ac0e-57d6-9b69-aa54ea7c4fb9"",""2e126757-f17e-5ee2-93db-94d31ed944b2""]",[],[],"[""76216ff6-0dab-5f43-913f-741c2deb7596"",""d07b7490-853e-562b-b662-305e89e7718d"",""a3a03b99-34c0-504b-b529-32b798db318a""]","[""76216ff6-0dab-5f43-913f-741c2deb7596"",""d07b7490-853e-562b-b662-305e89e7718d"",""a3a03b99-34c0-504b-b529-32b798db318a""]",[],[],"[""b9ac296e-4c6c-5cdc-9e03-14868c124af2"",""e97a5398-37b9-5e89-91a9-9b3ae48d9534"",""035c5442-19b8-5a84-8a59-b352a9660279""]","[""b9ac296e-4c6c-5cdc-9e03-14868c124af2"",""e97a5398-37b9-5e89-91a9-9b3ae48d9534"",""035c5442-19b8-5a84-8a59-b352a9660279""]",quartets,Verbundene vollständige Vierergruppen,3,complete_exploratory_quartet,12,12,035c5442-19b8-5a84-8a59-b352a9660279,35,used,ce40a18c-aa8e-40fc-9d13-83adabe5993f,Messwert verwendet,planned_run_per_population_group,True
M7-analysis-v5,0c44d85c-d8d9-572f-b0cb-1e52983adc6c,3,6911cdc858aa79c2c07111aa648bb7962d234961be7ce229045171034d4c13b9,E-BB,b26081b6041d83b27d357511d1cbaa4be007a74fd351a784a31834412284db93,26c9e1ce-c552-46f9-9d50-4cc6179591a3,dbb63e68d4ed9e904fa985aa5b88d674205b6caab086a8d981ac8918a9c68fb5,[],[],"[""4afc763c-033e-501c-9c9c-453207d31e62"",""76216ff6-0dab-5f43-913f-741c2deb7596"",""b9ac296e-4c6c-5cdc-9e03-14868c124af2"",""022ddff9-4332-5ba5-b884-42537f220a0c"",""616ecfda-7163-5a8d-ba60-01f623d8b124"",""e97a5398-37b9-5e89-91a9-9b3ae48d9534"",""aa66f5e3-ac0e-57d6-9b69-aa54ea7c4fb9"",""d07b7490-853e-562b-b662-305e89e7718d"",""2e126757-f17e-5ee2-93db-94d31ed944b2"",""a3a03b99-34c0-504b-b529-32b798db318a"",""8b3ec7b0-123f-5597-95f7-1fafc5810d01"",""035c5442-19b8-5a84-8a59-b352a9660279""]","[""4afc763c-033e-501c-9c9c-453207d31e62"",""76216ff6-0dab-5f43-913f-741c2deb7596"",""b9ac296e-4c6c-5cdc-9e03-14868c124af2"",""022ddff9-4332-5ba5-b884-42537f220a0c"",""616ecfda-7163-5a8d-ba60-01f623d8b124"",""e97a5398-37b9-5e89-91a9-9b3ae48d9534"",""aa66f5e3-ac0e-57d6-9b69-aa54ea7c4fb9"",""d07b7490-853e-562b-b662-305e89e7718d"",""2e126757-f17e-5ee2-93db-94d31ed944b2"",""a3a03b99-34c0-504b-b529-32b798db318a"",""8b3ec7b0-123f-5597-95f7-1fafc5810d01"",""035c5442-19b8-5a84-8a59-b352a9660279""]",[],[],"[""022ddff9-4332-5ba5-b884-42537f220a0c"",""616ecfda-7163-5a8d-ba60-01f623d8b124"",""8b3ec7b0-123f-5597-95f7-1fafc5810d01""]","[""022ddff9-4332-5ba5-b884-42537f220a0c"",""616ecfda-7163-5a8d-ba60-01f623d8b124"",""8b3ec7b0-123f-5597-95f7-1fafc5810d01""]",[],[],"[""4afc763c-033e-501c-9c9c-453207d31e62"",""aa66f5e3-ac0e-57d6-9b69-aa54ea7c4fb9"",""2e126757-f17e-5ee2-93db-94d31ed944b2""]","[""4afc763c-033e-501c-9c9c-453207d31e62"",""aa66f5e3-ac0e-57d6-9b69-aa54ea7c4fb9"",""2e126757-f17e-5ee2-93db-94d31ed944b2""]",[],[],"[""76216ff6-0dab-5f43-913f-741c2deb7596"",""d07b7490-853e-562b-b662-305e89e7718d"",""a3a03b99-34c0-504b-b529-32b798db318a""]","[""76216ff6-0dab-5f43-913f-741c2deb7596"",""d07b7490-853e-562b-b662-305e89e7718d"",""a3a03b99-34c0-504b-b529-32b798db318a""]",[],[],"[""b9ac296e-4c6c-5cdc-9e03-14868c124af2"",""e97a5398-37b9-5e89-91a9-9b3ae48d9534"",""035c5442-19b8-5a84-8a59-b352a9660279""]","[""b9ac296e-4c6c-5cdc-9e03-14868c124af2"",""e97a5398-37b9-5e89-91a9-9b3ae48d9534"",""035c5442-19b8-5a84-8a59-b352a9660279""]",values:E-BB,E-BB · F-Einzelwerte,3,planned_run,3,3,035c5442-19b8-5a84-8a59-b352a9660279,35,used,ce40a18c-aa8e-40fc-9d13-83adabe5993f,Messwert verwendet,planned_run_per_population_group,True
