analysis_version,block_id,block_index,candidate_hash,cell_key,data_hash,denominator_sets.cells.C-SQL-1.missing_ids,denominator_sets.cells.C-SQL-1.observed_ids,denominator_sets.cells.C-SQL-1.planned_ids,denominator_sets.cells.E-P0R0.missing_ids,denominator_sets.cells.E-P0R0.observed_ids,denominator_sets.cells.E-P0R0.planned_ids,denominator_sets.cells.E-P0R1.missing_ids,denominator_sets.cells.E-P0R1.observed_ids,denominator_sets.cells.E-P0R1.planned_ids,denominator_sets.cells.E-P1R0.missing_ids,denominator_sets.cells.E-P1R0.observed_ids,denominator_sets.cells.E-P1R0.planned_ids,denominator_sets.complete_quartet_block_ids,denominator_sets.planned_B_E,display_x,in_complete_quartet,metric,planned_id,run_id,table_unit,value
M7-analysis-v5,2394b234-0bc9-5e4f-b3e2-b83fed46e68b,1,53e2a903e48de7e2b5713ddbed13958a80d162ea9853e32461ca0c4dd524e630,E-P1R0,dbb63e68d4ed9e904fa985aa5b88d674205b6caab086a8d981ac8918a9c68fb5,[],"[""022ddff9-4332-5ba5-b884-42537f220a0c"",""616ecfda-7163-5a8d-ba60-01f623d8b124"",""8b3ec7b0-123f-5597-95f7-1fafc5810d01""]","[""022ddff9-4332-5ba5-b884-42537f220a0c"",""616ecfda-7163-5a8d-ba60-01f623d8b124"",""8b3ec7b0-123f-5597-95f7-1fafc5810d01""]",[],"[""784c942d-b222-5013-a2e4-de4aa477a143"",""12b20e20-e117-5c00-83bc-e589b92b730e"",""49cd1889-2a56-5913-8723-929335f68874""]","[""784c942d-b222-5013-a2e4-de4aa477a143"",""12b20e20-e117-5c00-83bc-e589b92b730e"",""49cd1889-2a56-5913-8723-929335f68874""]",[],"[""2f2d84f4-6f41-5df7-a828-cc0a3d9cdddf"",""7a8f92c5-5f85-593a-bf90-08e13c60a2e6"",""d38eb7d2-e78b-5c2f-93e4-2e34846e80e6""]","[""2f2d84f4-6f41-5df7-a828-cc0a3d9cdddf"",""7a8f92c5-5f85-593a-bf90-08e13c60a2e6"",""d38eb7d2-e78b-5c2f-93e4-2e34846e80e6""]",[],"[""0e4d4039-5409-5be7-a300-ded85e9c22d7"",""4d2e4005-a84b-525b-a492-d367c5e405d0"",""d08816e6-d4d6-5f35-9de3-d86528fa7a96""]","[""0e4d4039-5409-5be7-a300-ded85e9c22d7"",""4d2e4005-a84b-525b-a492-d367c5e405d0"",""d08816e6-d4d6-5f35-9de3-d86528fa7a96""]","[""2394b234-0bc9-5e4f-b3e2-b83fed46e68b"",""f9faff59-3259-5804-8713-ca7f4006c343"",""0c44d85c-d8d9-572f-b0cb-1e52983adc6c""]","[""2394b234-0bc9-5e4f-b3e2-b83fed46e68b"",""f9faff59-3259-5804-8713-ca7f4006c343"",""0c44d85c-d8d9-572f-b0cb-1e52983adc6c""]",1.93,True,F,0e4d4039-5409-5be7-a300-ded85e9c22d7,3a40d400-6b02-40af-bce6-b422ffb302d2,ratio,1
M7-analysis-v5,2394b234-0bc9-5e4f-b3e2-b83fed46e68b,1,7088d640412b1590c758951e9cb83c9221bee137814f769998338b30d46716f1,E-P0R0,dbb63e68d4ed9e904fa985aa5b88d674205b6caab086a8d981ac8918a9c68fb5,[],"[""022ddff9-4332-5ba5-b884-42537f220a0c"",""616ecfda-7163-5a8d-ba60-01f623d8b124"",""8b3ec7b0-123f-5597-95f7-1fafc5810d01""]","[""022ddff9-4332-5ba5-b884-42537f220a0c"",""616ecfda-7163-5a8d-ba60-01f623d8b124"",""8b3ec7b0-123f-5597-95f7-1fafc5810d01""]",[],"[""784c942d-b222-5013-a2e4-de4aa477a143"",""12b20e20-e117-5c00-83bc-e589b92b730e"",""49cd1889-2a56-5913-8723-929335f68874""]","[""784c942d-b222-5013-a2e4-de4aa477a143"",""12b20e20-e117-5c00-83bc-e589b92b730e"",""49cd1889-2a56-5913-8723-929335f68874""]",[],"[""2f2d84f4-6f41-5df7-a828-cc0a3d9cdddf"",""7a8f92c5-5f85-593a-bf90-08e13c60a2e6"",""d38eb7d2-e78b-5c2f-93e4-2e34846e80e6""]","[""2f2d84f4-6f41-5df7-a828-cc0a3d9cdddf"",""7a8f92c5-5f85-593a-bf90-08e13c60a2e6"",""d38eb7d2-e78b-5c2f-93e4-2e34846e80e6""]",[],"[""0e4d4039-5409-5be7-a300-ded85e9c22d7"",""4d2e4005-a84b-525b-a492-d367c5e405d0"",""d08816e6-d4d6-5f35-9de3-d86528fa7a96""]","[""0e4d4039-5409-5be7-a300-ded85e9c22d7"",""4d2e4005-a84b-525b-a492-d367c5e405d0"",""d08816e6-d4d6-5f35-9de3-d86528fa7a96""]","[""2394b234-0bc9-5e4f-b3e2-b83fed46e68b"",""f9faff59-3259-5804-8713-ca7f4006c343"",""0c44d85c-d8d9-572f-b0cb-1e52983adc6c""]","[""2394b234-0bc9-5e4f-b3e2-b83fed46e68b"",""f9faff59-3259-5804-8713-ca7f4006c343"",""0c44d85c-d8d9-572f-b0cb-1e52983adc6c""]",-0.07,True,F,784c942d-b222-5013-a2e4-de4aa477a143,fa5f608b-1bc8-4691-9bd8-076d1cec2d1a,ratio,1
M7-analysis-v5,2394b234-0bc9-5e4f-b3e2-b83fed46e68b,1,7cc8ab71866a51b487247d3ffbda8bb7e4c78a71e4d8c67210ed2dfb4782b9bf,E-P0R1,dbb63e68d4ed9e904fa985aa5b88d674205b6caab086a8d981ac8918a9c68fb5,[],"[""022ddff9-4332-5ba5-b884-42537f220a0c"",""616ecfda-7163-5a8d-ba60-01f623d8b124"",""8b3ec7b0-123f-5597-95f7-1fafc5810d01""]","[""022ddff9-4332-5ba5-b884-42537f220a0c"",""616ecfda-7163-5a8d-ba60-01f623d8b124"",""8b3ec7b0-123f-5597-95f7-1fafc5810d01""]",[],"[""784c942d-b222-5013-a2e4-de4aa477a143"",""12b20e20-e117-5c00-83bc-e589b92b730e"",""49cd1889-2a56-5913-8723-929335f68874""]","[""784c942d-b222-5013-a2e4-de4aa477a143"",""12b20e20-e117-5c00-83bc-e589b92b730e"",""49cd1889-2a56-5913-8723-929335f68874""]",[],"[""2f2d84f4-6f41-5df7-a828-cc0a3d9cdddf"",""7a8f92c5-5f85-593a-bf90-08e13c60a2e6"",""d38eb7d2-e78b-5c2f-93e4-2e34846e80e6""]","[""2f2d84f4-6f41-5df7-a828-cc0a3d9cdddf"",""7a8f92c5-5f85-593a-bf90-08e13c60a2e6"",""d38eb7d2-e78b-5c2f-93e4-2e34846e80e6""]",[],"[""0e4d4039-5409-5be7-a300-ded85e9c22d7"",""4d2e4005-a84b-525b-a492-d367c5e405d0"",""d08816e6-d4d6-5f35-9de3-d86528fa7a96""]","[""0e4d4039-5409-5be7-a300-ded85e9c22d7"",""4d2e4005-a84b-525b-a492-d367c5e405d0"",""d08816e6-d4d6-5f35-9de3-d86528fa7a96""]","[""2394b234-0bc9-5e4f-b3e2-b83fed46e68b"",""f9faff59-3259-5804-8713-ca7f4006c343"",""0c44d85c-d8d9-572f-b0cb-1e52983adc6c""]","[""2394b234-0bc9-5e4f-b3e2-b83fed46e68b"",""f9faff59-3259-5804-8713-ca7f4006c343"",""0c44d85c-d8d9-572f-b0cb-1e52983adc6c""]",0.9299999999999999,True,F,2f2d84f4-6f41-5df7-a828-cc0a3d9cdddf,9a086f43-e08c-467a-9796-c410d40cdfda,ratio,1
M7-analysis-v5,2394b234-0bc9-5e4f-b3e2-b83fed46e68b,1,d209b611d531fdc1b61ed8a2e01309ae3145d8b93453a46e7586c90514390c53,C-SQL-1,dbb63e68d4ed9e904fa985aa5b88d674205b6caab086a8d981ac8918a9c68fb5,[],"[""022ddff9-4332-5ba5-b884-42537f220a0c"",""616ecfda-7163-5a8d-ba60-01f623d8b124"",""8b3ec7b0-123f-5597-95f7-1fafc5810d01""]","[""022ddff9-4332-5ba5-b884-42537f220a0c"",""616ecfda-7163-5a8d-ba60-01f623d8b124"",""8b3ec7b0-123f-5597-95f7-1fafc5810d01""]",[],"[""784c942d-b222-5013-a2e4-de4aa477a143"",""12b20e20-e117-5c00-83bc-e589b92b730e"",""49cd1889-2a56-5913-8723-929335f68874""]","[""784c942d-b222-5013-a2e4-de4aa477a143"",""12b20e20-e117-5c00-83bc-e589b92b730e"",""49cd1889-2a56-5913-8723-929335f68874""]",[],"[""2f2d84f4-6f41-5df7-a828-cc0a3d9cdddf"",""7a8f92c5-5f85-593a-bf90-08e13c60a2e6"",""d38eb7d2-e78b-5c2f-93e4-2e34846e80e6""]","[""2f2d84f4-6f41-5df7-a828-cc0a3d9cdddf"",""7a8f92c5-5f85-593a-bf90-08e13c60a2e6"",""d38eb7d2-e78b-5c2f-93e4-2e34846e80e6""]",[],"[""0e4d4039-5409-5be7-a300-ded85e9c22d7"",""4d2e4005-a84b-525b-a492-d367c5e405d0"",""d08816e6-d4d6-5f35-9de3-d86528fa7a96""]","[""0e4d4039-5409-5be7-a300-ded85e9c22d7"",""4d2e4005-a84b-525b-a492-d367c5e405d0"",""d08816e6-d4d6-5f35-9de3-d86528fa7a96""]","[""2394b234-0bc9-5e4f-b3e2-b83fed46e68b"",""f9faff59-3259-5804-8713-ca7f4006c343"",""0c44d85c-d8d9-572f-b0cb-1e52983adc6c""]","[""2394b234-0bc9-5e4f-b3e2-b83fed46e68b"",""f9faff59-3259-5804-8713-ca7f4006c343"",""0c44d85c-d8d9-572f-b0cb-1e52983adc6c""]",2.93,True,F,022ddff9-4332-5ba5-b884-42537f220a0c,a2d1e4bd-ae41-4f2b-8b92-9416f7ffb783,ratio,1
M7-analysis-v5,f9faff59-3259-5804-8713-ca7f4006c343,2,12a588a973e24157d490acab23e57ec685cde24dfc7dc6390638cd1317a9a8cc,C-SQL-1,dbb63e68d4ed9e904fa985aa5b88d674205b6caab086a8d981ac8918a9c68fb5,[],"[""022ddff9-4332-5ba5-b884-42537f220a0c"",""616ecfda-7163-5a8d-ba60-01f623d8b124"",""8b3ec7b0-123f-5597-95f7-1fafc5810d01""]","[""022ddff9-4332-5ba5-b884-42537f220a0c"",""616ecfda-7163-5a8d-ba60-01f623d8b124"",""8b3ec7b0-123f-5597-95f7-1fafc5810d01""]",[],"[""784c942d-b222-5013-a2e4-de4aa477a143"",""12b20e20-e117-5c00-83bc-e589b92b730e"",""49cd1889-2a56-5913-8723-929335f68874""]","[""784c942d-b222-5013-a2e4-de4aa477a143"",""12b20e20-e117-5c00-83bc-e589b92b730e"",""49cd1889-2a56-5913-8723-929335f68874""]",[],"[""2f2d84f4-6f41-5df7-a828-cc0a3d9cdddf"",""7a8f92c5-5f85-593a-bf90-08e13c60a2e6"",""d38eb7d2-e78b-5c2f-93e4-2e34846e80e6""]","[""2f2d84f4-6f41-5df7-a828-cc0a3d9cdddf"",""7a8f92c5-5f85-593a-bf90-08e13c60a2e6"",""d38eb7d2-e78b-5c2f-93e4-2e34846e80e6""]",[],"[""0e4d4039-5409-5be7-a300-ded85e9c22d7"",""4d2e4005-a84b-525b-a492-d367c5e405d0"",""d08816e6-d4d6-5f35-9de3-d86528fa7a96""]","[""0e4d4039-5409-5be7-a300-ded85e9c22d7"",""4d2e4005-a84b-525b-a492-d367c5e405d0"",""d08816e6-d4d6-5f35-9de3-d86528fa7a96""]","[""2394b234-0bc9-5e4f-b3e2-b83fed46e68b"",""f9faff59-3259-5804-8713-ca7f4006c343"",""0c44d85c-d8d9-572f-b0cb-1e52983adc6c""]","[""2394b234-0bc9-5e4f-b3e2-b83fed46e68b"",""f9faff59-3259-5804-8713-ca7f4006c343"",""0c44d85c-d8d9-572f-b0cb-1e52983adc6c""]",3.0,True,F,616ecfda-7163-5a8d-ba60-01f623d8b124,6c45fdb5-7960-4501-8cf4-04e09f4bcb87,ratio,1
M7-analysis-v5,f9faff59-3259-5804-8713-ca7f4006c343,2,21ae5c3492ae2e2728ae4ac44bb70bc49228dd01286f72e2fe1633425edaffd6,E-P0R1,dbb63e68d4ed9e904fa985aa5b88d674205b6caab086a8d981ac8918a9c68fb5,[],"[""022ddff9-4332-5ba5-b884-42537f220a0c"",""616ecfda-7163-5a8d-ba60-01f623d8b124"",""8b3ec7b0-123f-5597-95f7-1fafc5810d01""]","[""022ddff9-4332-5ba5-b884-42537f220a0c"",""616ecfda-7163-5a8d-ba60-01f623d8b124"",""8b3ec7b0-123f-5597-95f7-1fafc5810d01""]",[],"[""784c942d-b222-5013-a2e4-de4aa477a143"",""12b20e20-e117-5c00-83bc-e589b92b730e"",""49cd1889-2a56-5913-8723-929335f68874""]","[""784c942d-b222-5013-a2e4-de4aa477a143"",""12b20e20-e117-5c00-83bc-e589b92b730e"",""49cd1889-2a56-5913-8723-929335f68874""]",[],"[""2f2d84f4-6f41-5df7-a828-cc0a3d9cdddf"",""7a8f92c5-5f85-593a-bf90-08e13c60a2e6"",""d38eb7d2-e78b-5c2f-93e4-2e34846e80e6""]","[""2f2d84f4-6f41-5df7-a828-cc0a3d9cdddf"",""7a8f92c5-5f85-593a-bf90-08e13c60a2e6"",""d38eb7d2-e78b-5c2f-93e4-2e34846e80e6""]",[],"[""0e4d4039-5409-5be7-a300-ded85e9c22d7"",""4d2e4005-a84b-525b-a492-d367c5e405d0"",""d08816e6-d4d6-5f35-9de3-d86528fa7a96""]","[""0e4d4039-5409-5be7-a300-ded85e9c22d7"",""4d2e4005-a84b-525b-a492-d367c5e405d0"",""d08816e6-d4d6-5f35-9de3-d86528fa7a96""]","[""2394b234-0bc9-5e4f-b3e2-b83fed46e68b"",""f9faff59-3259-5804-8713-ca7f4006c343"",""0c44d85c-d8d9-572f-b0cb-1e52983adc6c""]","[""2394b234-0bc9-5e4f-b3e2-b83fed46e68b"",""f9faff59-3259-5804-8713-ca7f4006c343"",""0c44d85c-d8d9-572f-b0cb-1e52983adc6c""]",1.0,True,F,7a8f92c5-5f85-593a-bf90-08e13c60a2e6,4f854e4e-2f65-40b5-aee3-945c93c516df,ratio,1
M7-analysis-v5,f9faff59-3259-5804-8713-ca7f4006c343,2,62a469b9b8e0e28ce8d744f8537004f7b978bf2156fdf548664726eed2ae1343,E-P1R0,dbb63e68d4ed9e904fa985aa5b88d674205b6caab086a8d981ac8918a9c68fb5,[],"[""022ddff9-4332-5ba5-b884-42537f220a0c"",""616ecfda-7163-5a8d-ba60-01f623d8b124"",""8b3ec7b0-123f-5597-95f7-1fafc5810d01""]","[""022ddff9-4332-5ba5-b884-42537f220a0c"",""616ecfda-7163-5a8d-ba60-01f623d8b124"",""8b3ec7b0-123f-5597-95f7-1fafc5810d01""]",[],"[""784c942d-b222-5013-a2e4-de4aa477a143"",""12b20e20-e117-5c00-83bc-e589b92b730e"",""49cd1889-2a56-5913-8723-929335f68874""]","[""784c942d-b222-5013-a2e4-de4aa477a143"",""12b20e20-e117-5c00-83bc-e589b92b730e"",""49cd1889-2a56-5913-8723-929335f68874""]",[],"[""2f2d84f4-6f41-5df7-a828-cc0a3d9cdddf"",""7a8f92c5-5f85-593a-bf90-08e13c60a2e6"",""d38eb7d2-e78b-5c2f-93e4-2e34846e80e6""]","[""2f2d84f4-6f41-5df7-a828-cc0a3d9cdddf"",""7a8f92c5-5f85-593a-bf90-08e13c60a2e6"",""d38eb7d2-e78b-5c2f-93e4-2e34846e80e6""]",[],"[""0e4d4039-5409-5be7-a300-ded85e9c22d7"",""4d2e4005-a84b-525b-a492-d367c5e405d0"",""d08816e6-d4d6-5f35-9de3-d86528fa7a96""]","[""0e4d4039-5409-5be7-a300-ded85e9c22d7"",""4d2e4005-a84b-525b-a492-d367c5e405d0"",""d08816e6-d4d6-5f35-9de3-d86528fa7a96""]","[""2394b234-0bc9-5e4f-b3e2-b83fed46e68b"",""f9faff59-3259-5804-8713-ca7f4006c343"",""0c44d85c-d8d9-572f-b0cb-1e52983adc6c""]","[""2394b234-0bc9-5e4f-b3e2-b83fed46e68b"",""f9faff59-3259-5804-8713-ca7f4006c343"",""0c44d85c-d8d9-572f-b0cb-1e52983adc6c""]",2.0,True,F,4d2e4005-a84b-525b-a492-d367c5e405d0,d021c34b-07cb-4fcc-815b-168486587584,ratio,1
M7-analysis-v5,f9faff59-3259-5804-8713-ca7f4006c343,2,b95c5ae5c06c3b41a61878e005cec91f332ca88d67a8ea64b1ab14aea3f9bf43,E-P0R0,dbb63e68d4ed9e904fa985aa5b88d674205b6caab086a8d981ac8918a9c68fb5,[],"[""022ddff9-4332-5ba5-b884-42537f220a0c"",""616ecfda-7163-5a8d-ba60-01f623d8b124"",""8b3ec7b0-123f-5597-95f7-1fafc5810d01""]","[""022ddff9-4332-5ba5-b884-42537f220a0c"",""616ecfda-7163-5a8d-ba60-01f623d8b124"",""8b3ec7b0-123f-5597-95f7-1fafc5810d01""]",[],"[""784c942d-b222-5013-a2e4-de4aa477a143"",""12b20e20-e117-5c00-83bc-e589b92b730e"",""49cd1889-2a56-5913-8723-929335f68874""]","[""784c942d-b222-5013-a2e4-de4aa477a143"",""12b20e20-e117-5c00-83bc-e589b92b730e"",""49cd1889-2a56-5913-8723-929335f68874""]",[],"[""2f2d84f4-6f41-5df7-a828-cc0a3d9cdddf"",""7a8f92c5-5f85-593a-bf90-08e13c60a2e6"",""d38eb7d2-e78b-5c2f-93e4-2e34846e80e6""]","[""2f2d84f4-6f41-5df7-a828-cc0a3d9cdddf"",""7a8f92c5-5f85-593a-bf90-08e13c60a2e6"",""d38eb7d2-e78b-5c2f-93e4-2e34846e80e6""]",[],"[""0e4d4039-5409-5be7-a300-ded85e9c22d7"",""4d2e4005-a84b-525b-a492-d367c5e405d0"",""d08816e6-d4d6-5f35-9de3-d86528fa7a96""]","[""0e4d4039-5409-5be7-a300-ded85e9c22d7"",""4d2e4005-a84b-525b-a492-d367c5e405d0"",""d08816e6-d4d6-5f35-9de3-d86528fa7a96""]","[""2394b234-0bc9-5e4f-b3e2-b83fed46e68b"",""f9faff59-3259-5804-8713-ca7f4006c343"",""0c44d85c-d8d9-572f-b0cb-1e52983adc6c""]","[""2394b234-0bc9-5e4f-b3e2-b83fed46e68b"",""f9faff59-3259-5804-8713-ca7f4006c343"",""0c44d85c-d8d9-572f-b0cb-1e52983adc6c""]",0.0,True,F,12b20e20-e117-5c00-83bc-e589b92b730e,5170b1cc-8fc1-4873-9454-26daec9157db,ratio,1
M7-analysis-v5,0c44d85c-d8d9-572f-b0cb-1e52983adc6c,3,16df8fd5c75e6555e176c2af2952b61e14007c9e5197ba7a07bde1664a3af864,E-P0R1,dbb63e68d4ed9e904fa985aa5b88d674205b6caab086a8d981ac8918a9c68fb5,[],"[""022ddff9-4332-5ba5-b884-42537f220a0c"",""616ecfda-7163-5a8d-ba60-01f623d8b124"",""8b3ec7b0-123f-5597-95f7-1fafc5810d01""]","[""022ddff9-4332-5ba5-b884-42537f220a0c"",""616ecfda-7163-5a8d-ba60-01f623d8b124"",""8b3ec7b0-123f-5597-95f7-1fafc5810d01""]",[],"[""784c942d-b222-5013-a2e4-de4aa477a143"",""12b20e20-e117-5c00-83bc-e589b92b730e"",""49cd1889-2a56-5913-8723-929335f68874""]","[""784c942d-b222-5013-a2e4-de4aa477a143"",""12b20e20-e117-5c00-83bc-e589b92b730e"",""49cd1889-2a56-5913-8723-929335f68874""]",[],"[""2f2d84f4-6f41-5df7-a828-cc0a3d9cdddf"",""7a8f92c5-5f85-593a-bf90-08e13c60a2e6"",""d38eb7d2-e78b-5c2f-93e4-2e34846e80e6""]","[""2f2d84f4-6f41-5df7-a828-cc0a3d9cdddf"",""7a8f92c5-5f85-593a-bf90-08e13c60a2e6"",""d38eb7d2-e78b-5c2f-93e4-2e34846e80e6""]",[],"[""0e4d4039-5409-5be7-a300-ded85e9c22d7"",""4d2e4005-a84b-525b-a492-d367c5e405d0"",""d08816e6-d4d6-5f35-9de3-d86528fa7a96""]","[""0e4d4039-5409-5be7-a300-ded85e9c22d7"",""4d2e4005-a84b-525b-a492-d367c5e405d0"",""d08816e6-d4d6-5f35-9de3-d86528fa7a96""]","[""2394b234-0bc9-5e4f-b3e2-b83fed46e68b"",""f9faff59-3259-5804-8713-ca7f4006c343"",""0c44d85c-d8d9-572f-b0cb-1e52983adc6c""]","[""2394b234-0bc9-5e4f-b3e2-b83fed46e68b"",""f9faff59-3259-5804-8713-ca7f4006c343"",""0c44d85c-d8d9-572f-b0cb-1e52983adc6c""]",1.07,True,F,d38eb7d2-e78b-5c2f-93e4-2e34846e80e6,a7c714ed-7f98-4b74-b481-8fc9add30268,ratio,1
M7-analysis-v5,0c44d85c-d8d9-572f-b0cb-1e52983adc6c,3,316abc7801e345a7bed7064176878bd4a1961ca560b3a2cd3b43313c78f9bd45,E-P0R0,dbb63e68d4ed9e904fa985aa5b88d674205b6caab086a8d981ac8918a9c68fb5,[],"[""022ddff9-4332-5ba5-b884-42537f220a0c"",""616ecfda-7163-5a8d-ba60-01f623d8b124"",""8b3ec7b0-123f-5597-95f7-1fafc5810d01""]","[""022ddff9-4332-5ba5-b884-42537f220a0c"",""616ecfda-7163-5a8d-ba60-01f623d8b124"",""8b3ec7b0-123f-5597-95f7-1fafc5810d01""]",[],"[""784c942d-b222-5013-a2e4-de4aa477a143"",""12b20e20-e117-5c00-83bc-e589b92b730e"",""49cd1889-2a56-5913-8723-929335f68874""]","[""784c942d-b222-5013-a2e4-de4aa477a143"",""12b20e20-e117-5c00-83bc-e589b92b730e"",""49cd1889-2a56-5913-8723-929335f68874""]",[],"[""2f2d84f4-6f41-5df7-a828-cc0a3d9cdddf"",""7a8f92c5-5f85-593a-bf90-08e13c60a2e6"",""d38eb7d2-e78b-5c2f-93e4-2e34846e80e6""]","[""2f2d84f4-6f41-5df7-a828-cc0a3d9cdddf"",""7a8f92c5-5f85-593a-bf90-08e13c60a2e6"",""d38eb7d2-e78b-5c2f-93e4-2e34846e80e6""]",[],"[""0e4d4039-5409-5be7-a300-ded85e9c22d7"",""4d2e4005-a84b-525b-a492-d367c5e405d0"",""d08816e6-d4d6-5f35-9de3-d86528fa7a96""]","[""0e4d4039-5409-5be7-a300-ded85e9c22d7"",""4d2e4005-a84b-525b-a492-d367c5e405d0"",""d08816e6-d4d6-5f35-9de3-d86528fa7a96""]","[""2394b234-0bc9-5e4f-b3e2-b83fed46e68b"",""f9faff59-3259-5804-8713-ca7f4006c343"",""0c44d85c-d8d9-572f-b0cb-1e52983adc6c""]","[""2394b234-0bc9-5e4f-b3e2-b83fed46e68b"",""f9faff59-3259-5804-8713-ca7f4006c343"",""0c44d85c-d8d9-572f-b0cb-1e52983adc6c""]",0.07,True,F,49cd1889-2a56-5913-8723-929335f68874,a3c586a7-dba2-4647-8473-c9ec4cdaf1e5,ratio,1
M7-analysis-v5,0c44d85c-d8d9-572f-b0cb-1e52983adc6c,3,5b543ea7abc08ec54717d24b23b424f4c9147a8e7c70489cdbcf04fdfbfdd696,C-SQL-1,dbb63e68d4ed9e904fa985aa5b88d674205b6caab086a8d981ac8918a9c68fb5,[],"[""022ddff9-4332-5ba5-b884-42537f220a0c"",""616ecfda-7163-5a8d-ba60-01f623d8b124"",""8b3ec7b0-123f-5597-95f7-1fafc5810d01""]","[""022ddff9-4332-5ba5-b884-42537f220a0c"",""616ecfda-7163-5a8d-ba60-01f623d8b124"",""8b3ec7b0-123f-5597-95f7-1fafc5810d01""]",[],"[""784c942d-b222-5013-a2e4-de4aa477a143"",""12b20e20-e117-5c00-83bc-e589b92b730e"",""49cd1889-2a56-5913-8723-929335f68874""]","[""784c942d-b222-5013-a2e4-de4aa477a143"",""12b20e20-e117-5c00-83bc-e589b92b730e"",""49cd1889-2a56-5913-8723-929335f68874""]",[],"[""2f2d84f4-6f41-5df7-a828-cc0a3d9cdddf"",""7a8f92c5-5f85-593a-bf90-08e13c60a2e6"",""d38eb7d2-e78b-5c2f-93e4-2e34846e80e6""]","[""2f2d84f4-6f41-5df7-a828-cc0a3d9cdddf"",""7a8f92c5-5f85-593a-bf90-08e13c60a2e6"",""d38eb7d2-e78b-5c2f-93e4-2e34846e80e6""]",[],"[""0e4d4039-5409-5be7-a300-ded85e9c22d7"",""4d2e4005-a84b-525b-a492-d367c5e405d0"",""d08816e6-d4d6-5f35-9de3-d86528fa7a96""]","[""0e4d4039-5409-5be7-a300-ded85e9c22d7"",""4d2e4005-a84b-525b-a492-d367c5e405d0"",""d08816e6-d4d6-5f35-9de3-d86528fa7a96""]","[""2394b234-0bc9-5e4f-b3e2-b83fed46e68b"",""f9faff59-3259-5804-8713-ca7f4006c343"",""0c44d85c-d8d9-572f-b0cb-1e52983adc6c""]","[""2394b234-0bc9-5e4f-b3e2-b83fed46e68b"",""f9faff59-3259-5804-8713-ca7f4006c343"",""0c44d85c-d8d9-572f-b0cb-1e52983adc6c""]",3.07,True,F,8b3ec7b0-123f-5597-95f7-1fafc5810d01,0cc540ca-a9db-4a2a-982e-99e203d674e1,ratio,1
M7-analysis-v5,0c44d85c-d8d9-572f-b0cb-1e52983adc6c,3,9c27f3d78fc59621cb82e18c166959e261aed1d7fbe46d64799a3887ce2865ff,E-P1R0,dbb63e68d4ed9e904fa985aa5b88d674205b6caab086a8d981ac8918a9c68fb5,[],"[""022ddff9-4332-5ba5-b884-42537f220a0c"",""616ecfda-7163-5a8d-ba60-01f623d8b124"",""8b3ec7b0-123f-5597-95f7-1fafc5810d01""]","[""022ddff9-4332-5ba5-b884-42537f220a0c"",""616ecfda-7163-5a8d-ba60-01f623d8b124"",""8b3ec7b0-123f-5597-95f7-1fafc5810d01""]",[],"[""784c942d-b222-5013-a2e4-de4aa477a143"",""12b20e20-e117-5c00-83bc-e589b92b730e"",""49cd1889-2a56-5913-8723-929335f68874""]","[""784c942d-b222-5013-a2e4-de4aa477a143"",""12b20e20-e117-5c00-83bc-e589b92b730e"",""49cd1889-2a56-5913-8723-929335f68874""]",[],"[""2f2d84f4-6f41-5df7-a828-cc0a3d9cdddf"",""7a8f92c5-5f85-593a-bf90-08e13c60a2e6"",""d38eb7d2-e78b-5c2f-93e4-2e34846e80e6""]","[""2f2d84f4-6f41-5df7-a828-cc0a3d9cdddf"",""7a8f92c5-5f85-593a-bf90-08e13c60a2e6"",""d38eb7d2-e78b-5c2f-93e4-2e34846e80e6""]",[],"[""0e4d4039-5409-5be7-a300-ded85e9c22d7"",""4d2e4005-a84b-525b-a492-d367c5e405d0"",""d08816e6-d4d6-5f35-9de3-d86528fa7a96""]","[""0e4d4039-5409-5be7-a300-ded85e9c22d7"",""4d2e4005-a84b-525b-a492-d367c5e405d0"",""d08816e6-d4d6-5f35-9de3-d86528fa7a96""]","[""2394b234-0bc9-5e4f-b3e2-b83fed46e68b"",""f9faff59-3259-5804-8713-ca7f4006c343"",""0c44d85c-d8d9-572f-b0cb-1e52983adc6c""]","[""2394b234-0bc9-5e4f-b3e2-b83fed46e68b"",""f9faff59-3259-5804-8713-ca7f4006c343"",""0c44d85c-d8d9-572f-b0cb-1e52983adc6c""]",2.07,True,F,d08816e6-d4d6-5f35-9de3-d86528fa7a96,351f4724-cd79-44e9-8ffd-b30433add7ec,ratio,1
